style,colors,size,category,short_description,long_description,stringified_description,worn_image,basicimg,sale_status
CA044U,Natural,FRE,accessories;bags;unisex;cotton;aged care;allied health;nursing;dentistry;carers;veterinary;healthwear,Unisex Biz Care Tote Bag,"{'sizes': 'One Size.', 'fabric': ['100% Recycled Canvas Cotton.'], 'features': ['The perfect work bag or shopping tote.', 'Inside pocket, metal clip for keys, removable hard base and attached short and long handles.']}","Sizes: One Size.; Fabric: 100% Recycled Canvas Cotton.; Features: The perfect work bag or shopping tote.,Inside pocket, metal clip for keys, removable hard base and attached short and long handles.; ",CA044U_Talent_Natural_02.jpg,CA044U_Talent_Natural_02.jpg;CA044U_bProduct_Natural_02_1PTCtWL.jpg;CA044U_bProduct_Natural_03_Opzme8a.jpg;CA044U_bProduct_Natural_01_NGKPhvk.jpg,normal
CCS149U,Sage/Black;Navy/Red;Mid Blue/Navy,L;M;S,accessories;socks;healthwear;separates;mix and match;plus size,Unisex Happy Feet Comfort Socks,"{'sizes': 'S, M, L.', 'fabric': ['41% Cotton 28% Nylon 26% Polyester 5% Elastane.'], 'features': ['Add a PEP to YOUR STEP with our everyday comfort socks, perfect for those on their feet or sitting down all day.']}","Sizes: S, M, L.; Fabric: 41% Cotton 28% Nylon 26% Polyester 5% Elastane.; Features: Add a PEP to YOUR STEP with our everyday comfort socks, perfect for those on their feet or sitting down all day.; ",CCS149U_Talent_Sage_Black_03.jpg,CCS149U_Talent_Sage_Black_03.jpg;CCS149U_bProduct_Sage_Black_02_i9gnzRl.jpg;CCS149U_bProduct_Sage_Black_03_Vu170Nd.jpg;CCS149U_bProduct_Sage_Black_01_K8zH4vd.jpg;CCS149U_bProduct_Navy_Red_02_ixvtXhB.jpg;CCS149U_bProduct_Navy_Red_01_oKL5dfS.jpg;CCS149U_bProduct_MidBlue_Navy_01_ZfiJ5XP.jpg,normal
CCS250U,Pink,M;S;L,accessories;socks;pink;pink products;mix and match;separates;plus size,Unisex Pink Happy Feet Comfort Socks,"{'sizes': 'Small, Medium, Large.', 'fabric': ['41% Cotton 28% Nylon 26% Polyester 5% Elastane.'], 'features': ['Add a PEP to YOUR STEP with our everyday comfort socks, perfect for those on their feet or sitting down all day.', ' With each unit sold, Biz Care will donate $2 to National Breast Cancer Foundation.']}","Sizes: Small, Medium, Large.; Fabric: 41% Cotton 28% Nylon 26% Polyester 5% Elastane.; Features: Add a PEP to YOUR STEP with our everyday comfort socks, perfect for those on their feet or sitting down all day., With each unit sold, Biz Care will donate $2 to National Breast Cancer Foundation.; ",CCS250U_Product_Pink_01.jpg,CCS250U_Product_Pink_01.jpg,normal
CH248L,Navy;Black,FRE,accessories;hijab;polyester;aged care;allied health;nursing;dentistry;carers;veterinary;female;headwear;separates;mix and match,Womens Hijab,"{'sizes': 'One Size, measurements: 172cm(L)x63cm(W).', 'fabric': ['100% Polyester Georgette.'], 'features': ['Traditional Hijab, in a comfortable and non-slip fabric.']}","Sizes: One Size, measurements: 172cm(L)x63cm(W).; Fabric: 100% Polyester Georgette.; Features: Traditional Hijab, in a comfortable and non-slip fabric.; ",CH248L_bProduct_Navy_02_radMEmz.jpg,CH248L_bProduct_Navy_02_radMEmz.jpg;CH248L_bProduct_Navy_01_CHiwaw7.jpg;CH248L_Talent_Navy_08.jpg;CH248L_Talent_Navy_R.jpg;CH248L_bProduct_Black_02_8g7m0jM.jpg;CH248L_bProduct_Black_01_nmQtL0J.jpg;CH248L_Talent_Black_08.jpg;CH248L_Talent_Black_R.jpg,normal
CID940U,Fuchsia;Grape;Teal;Lime Green;Electric Blue;Cherry;Mid Blue;Cyan,FRE,accessories;aged care;nursing;dentistry;carers;veterinary;allied health;unisex;polyester;elastane;scrubs;identifier;healthwear;avery;scrub tops,Unisex Avery Scrub Identifier,"{'sizes': 'One Size.', 'fabric': ['96% Polyester 4% Elastane with metal press studs.'], 'features': ['The perfect way to differentiate streams and job roles without having the team in different coloured scrubs.', 'Identifiers easily snap onto the hidden press studs on the scrub sleeve.', 'A small monogram is also possible on the identifier.', 'Compatible for use with Avery Scrub Tops only.']}","Sizes: One Size.; Fabric: 96% Polyester 4% Elastane with metal press studs.; Features: The perfect way to differentiate streams and job roles without having the team in different coloured scrubs.,Identifiers easily snap onto the hidden press studs on the scrub sleeve.,A small monogram is also possible on the identifier.,Compatible for use with Avery Scrub Tops only.; ",Talent_CID940U_Fuchsia_AUSNZ_01.jpg,Talent_CID940U_Fuchsia_AUSNZ_01.jpg;Talent_CID940U_Grape_AUSNZ_01.jpg;Talent_CID940U_Teal_AUSNZ_01.jpg;Talent_CID940U_LimeGreen_AUSNZ_01_RR1qn66.jpg;Talent_CID940U_ElectricBlue_AUSNZ_01.jpg;CID940U_Talent_Cherry_01.jpg;CID940U_Talent_Cherry_02.jpg;Talent_CID940U_MidBlue_AUSNZ_01.jpg;Talent_CID940U_Cyan_AUSNZ_01.jpg,normal
CK045LC,Navy;Charcoal,XXS;XS;S;M;L;XL;2XL;3XL;4XL,pharmaceutical;knitwear;female;women;long sleeve;acrylic;wool;cardigans;aged care;allied health;nursing;dentistry;carers;veterinary;laboratory,Womens Button Front Knit Cardigan,"{'sizes': 'XXS - 4XL.', 'fabric': ['60% Acrylic 40% Merino Wool.'], 'features': ['Designed for functional roles, Biz Care knits provide warmth, durability and a soft hand feel.', 'With longer hem lengths to provide extra coverage.']}","Sizes: XXS - 4XL.; Fabric: 60% Acrylic 40% Merino Wool.; Features: Designed for functional roles, Biz Care knits provide warmth, durability and a soft hand feel.,With longer hem lengths to provide extra coverage.; ",CK045LC_bProduct_Navy_01_QtnB07v.jpg,CK045LC_bProduct_Navy_01_QtnB07v.jpg;CK045LC_bProduct_Navy_02_473spzr.jpg;CK045LC_Talent_Charcoal_01.jpg;CK045LC_bProduct_Charcoal_02_TTNRy8L.jpg;CK045LC_bProduct_Charcoal_01_lBInajT.jpg,normal
CK961LV,Navy;Charcoal,XS;S;M;L;XL;2XL;3XL;4XL;XXS,pharmaceutical;vests;knitwear;aged care;nursing;dentistry;carers;veterinary;allied health;laboratory;female;women;acrylic;wool;vest,Womens Button Front Knit Vest,"{'sizes': 'XXS - 4XL.', 'fabric': ['60% Acrylic 40% Merino Wool.'], 'features': ['Designed for functional roles, Biz Care knits provide warmth, durability and a soft hand feel.', 'With longer hem lengths to provide extra coverage.']}","Sizes: XXS - 4XL.; Fabric: 60% Acrylic 40% Merino Wool.; Features: Designed for functional roles, Biz Care knits provide warmth, durability and a soft hand feel.,With longer hem lengths to provide extra coverage.; ",CK961LV_Talent_Navy_02.jpg,CK961LV_Talent_Navy_02.jpg;CK961LV_bProduct_Navy_02_C2ggt4e.jpg;CK961LV_bProduct_Navy_01_3mHg1st.jpg;CK961LV_bProduct_Charcoal_02_PofcM8G.jpg;CK961LV_bProduct_Charcoal_01_tFS0B2H.jpg,normal
CK962LC,Charcoal;Navy;Black,XXS;XS;S;M;L;XL;2XL;3XL;4XL,pharmaceutical;aged care;knitwear;aged care;nursing;dentistry;carers;veterinary;allied health;laboratory;female;women;short sleeve;acrylic;wool;cardigans,Womens Zip Front Short Sleeve Knit Cardigan,"{'sizes': 'XXS - 4XL.', 'fabric': ['60% Acrylic 40% Merino Wool.'], 'features': ['Designed for functional roles, Biz Care knits provide warmth, durability and a soft hand feel.', 'With longer hem lengths to provide extra coverage.']}","Sizes: XXS - 4XL.; Fabric: 60% Acrylic 40% Merino Wool.; Features: Designed for functional roles, Biz Care knits provide warmth, durability and a soft hand feel.,With longer hem lengths to provide extra coverage.; ",CK962LC_bProduct_Charcoal_01_fPzafod.jpg,CK962LC_bProduct_Charcoal_01_fPzafod.jpg;CK962LC_bProduct_Charcoal_02_DKT4VrL.jpg;CK962LC_bProduct_Navy_01_LOilQBB.jpg;CK962LC_bProduct_Navy_02_AqfBpzs.jpg;CK962LC_Talent_Black_02.jpg;CK962LC_bProduct_Black_02_8OZ3IFf.jpg;CK962LC_bProduct_Black_01_s4UuiqP.jpg,normal
CL040LL,Black;Navy;Charcoal,4;6;8;10;12;14;18;20;22;24;26;28;30;16,pharmaceutical;early learning;bottoms;pants;female;womens;polyester;aged care;allied health;nursing;dentistry;carers;veterinary;beauty;separates;mix and match;functional pant,Womens Jane 3/4 Length Stretch Pant,"{'sizes': '4 – 30.', 'fabric': ['88% Polyester 12% Elastane.'], 'features': ['The perfect pull-on stretch pant in a lightweight fabric that is durable and comfortable.', 'Quick drying and suitable for all climates.', 'Perfect for both functional and office roles.', 'Light weight fabric that is stretchy, durable and comfortable.', 'Wide basque waistband with anti-roll elastic, no zips or buttons functional back pocket, and two deep front angled pockets with utility hoop on right hand side.']}","Sizes: 4  30.; Fabric: 88% Polyester 12% Elastane.; Features: The perfect pull-on stretch pant in a lightweight fabric that is durable and comfortable.,Quick drying and suitable for all climates.,Perfect for both functional and office roles.,Light weight fabric that is stretchy, durable and comfortable.,Wide basque waistband with anti-roll elastic, no zips or buttons functional back pocket, and two deep front angled pockets with utility hoop on right hand side.; ",CL040LL_Talent_Black_01.jpg,CL040LL_Talent_Black_01.jpg;CL040LL_bProduct_Black_02_Phu9KgR.jpg;CL040LL_bProduct_Black_01_251KgJD.jpg;CL040LL_bProduct_Navy_01_nRdSlfu.jpg;CL040LL_bProduct_Navy_02_zBe5PQv.jpg;CL040LL_bProduct_Charcoal_01_mVA4M0V.jpg;CL040LL_bProduct_Charcoal_02_HKm10io.jpg,normal
CL041LL,Black;Navy;Charcoal,4;6;8;10;12;14;16;18;20;22;24;26;28;30,bottoms;pants;female;womens;polyester;elastane;aged care;allied health;nursing;dentistry;carers;veterinary;beauty;separates;mix and match;pharmaceutical;early learning;functional pant,Womens Jane Stretch Pant,"{'sizes': '4 – 30.', 'fabric': ['88% Polyester 12% Elastane.'], 'features': ['The perfect pull-on stretch pant in a lightweight fabric that is durable and comfortable.', 'Quick drying and suitable for all climates.', 'Perfect for both functional and office roles.', 'Light weight fabric that is stretchy, durable and comfortable.', 'Wide basque waistband with anti-roll elastic, no zips or buttons functional back pocket, and two deep front angled pockets with utility hoop on right hand side.']}","Sizes: 4  30.; Fabric: 88% Polyester 12% Elastane.; Features: The perfect pull-on stretch pant in a lightweight fabric that is durable and comfortable.,Quick drying and suitable for all climates.,Perfect for both functional and office roles.,Light weight fabric that is stretchy, durable and comfortable.,Wide basque waistband with anti-roll elastic, no zips or buttons functional back pocket, and two deep front angled pockets with utility hoop on right hand side.; ",CL041LL_Talent_Black_01.jpg,CL041LL_Talent_Black_01.jpg;CL041LL_bProduct_Black_02_64QABLS.jpg;CL041LL_bProduct_Black_01_LuIWC7D.jpg;CL041LL_bProduct_Navy_01_wFlTwpW.jpg;CL041LL_bProduct_Navy_02_uX7bMK9.jpg;CL041LL_bProduct_Charcoal_01_ODpsv9R.jpg;CL041LL_bProduct_Charcoal_02_iSesv0s.jpg,normal
CL145LS,Black;Navy,14;16;18;20;22;24;26;28;30;4;6;8;10;12,pharmaceutical;early learning;aged care;bottoms;skorts;skirt;skort;skirts;shorts;separates;mix and match;functional skirt;plus size,Womens Comfort Waist Skort,"{'sizes': '4 - 30.', 'fabric': ['64% Polyester 34% Viscose 2% Elastane.'], 'features': ['Breathable, durable, and easy-care fabric.', 'Made from a lightweight plain weave with added stretch for comfort.', 'Comfort lower pants, shorts and skirt have a built in comfort stretch waist band, making it perfect for all function and admin roles.']}","Sizes: 4 - 30.; Fabric: 64% Polyester 34% Viscose 2% Elastane.; Features: Breathable, durable, and easy-care fabric.,Made from a lightweight plain weave with added stretch for comfort.,Comfort lower pants, shorts and skirt have a built in comfort stretch waist band, making it perfect for all function and admin roles.; ",CL145LS_bProduct_Black_01_QkiVSQB.jpg,CL145LS_bProduct_Black_01_QkiVSQB.jpg;CL145LS_bProduct_Black_02_xeHr2Jm.jpg;CL145LS_Talent_Navy_01.jpg;CL145LS_bProduct_Navy_02_aSGVsmb.jpg;CL145LS_bProduct_Navy_01_UpWVZ3i.jpg,normal
CL541LL,Black;Caribbean Blue;Midnight Navy,2XL;3XL;L;M;S;XL;XS;XXS,scrubs;scrub pants;Polyester;aged care;allied health;nursing;dentistry;carers;veterinary;female;healthwear;scrub pant,Womens Pulse Jogger Scrub Pant,"{'sizes': 'XXS - 3XL', 'fabric': '77% Recycled Polyester, 19% Viscose, 4% Elastane; Easy-care, wash and wear performance fabric for the most demanding of environments; Suitable for warmer climates', 'features': ['2 Side front pockets', '1 cargo style pocket on side leg and 1 back pocket', 'Slim leg pant - tapered from knee down to cuff; Elastic waist with internal draw string closure', 'Utility loop on RHS waistband', 'Dyed to match stretch cuffs', 'Match with Pulse scrub tops - CU543LS']}","Sizes: XXS - 3XL; Fabric: 77% Recycled Polyester, 19% Viscose, 4% Elastane; Easy-care, wash and wear performance fabric for the most demanding of environments; Suitable for warmer climates; Features: 2 Side front pockets,1 cargo style pocket on side leg and 1 back pocket,Slim leg pant - tapered from knee down to cuff; Elastic waist with internal draw string closure,Utility loop on RHS waistband,Dyed to match stretch cuffs,Match with Pulse scrub tops - CU543LS; ",CL541LL_Talent_Black_01.jpg,CL541LL_Talent_Black_01.jpg;CL541LL_Talent_Black_02.jpg;CL541LL_Talent_Black_03.jpg;CL541LL_Talent_Black_04.jpg;CL541LL_Talent_Black_05.jpg;CL541LL_Talent_Black_06.jpg;CL541LL_Talent_Black_07.jpg;CL541LL_Talent_Black_08.jpg;CL541LL_Product_Black_01.jpg;CL541LL_Product_Black_02.jpg;CL541LL_Talent_CaribbeanBlue_01.jpg;CL541LL_Talent_CaribbeanBlue_02.jpg;CL541LL_Talent_CaribbeanBlue_03.jpg;CL541LL_Talent_CaribbeanBlue_04_IANMWGF.jpg;CL541LL_Talent_CaribbeanBlue_05_RY2BJeI.jpg;CL541LL_Talent_CaribbeanBlue_06_57S0Cfd.jpg;CL541LL_Talent_CaribbeanBlue_07_l0ZJakN.jpg;CL541LL_Talent_CaribbeanBlue_08_zFEV9pp.jpg;CL541LL_Talent_CaribbeanBlue_09_gjw4Dvs.jpg;CL541LL_Product_CaribbeanBlue_01_Cm7DhSD.jpg;CL541LL_Product_CaribbeanBlue_02_dJZBGe2.jpg;CL541LL_Talent_MidnightNavy_01.jpg;CL541LL_Talent_MidnightNavy_02.jpg;CL541LL_Talent_MidnightNavy_03.jpg;CL541LL_Talent_MidnightNavy_05.jpg;CL541LL_Talent_MidnightNavy_06.jpg;CL541LL_Talent_MidnightNavy_07.jpg;CL541LL_Talent_MidnightNavy_08.jpg;CL541LL_Talent_MidnightNavy_09.jpg;CL541LL_Product_MidnightNavy_01.jpg;CL541LL_Product_MidnightNavy_02.jpg,new style
CL542UL,Midnight Navy;Black;Caribbean Blue,2XL;3XL;4XL;5XL;6XL;L;M;S;XL;XS;XXS,scrub pants;scrubs;unisex;Polyester;elastane;aged care;allied health;nursing;dentistry;carers;veterinary;healthwear;scrub pant;Polyester Blend,Unisex Pulse Straight Leg Scrub Pant,"{'sizes': 'XXS - 6XL', 'fabric': '77% Recycled Polyester, 19% Viscose, 4% Elastane; Easy-care, wash and wear performance fabric for the most demanding of environments; Suitable for warmer climates', 'features': ['2 Side front pockets', '1 cargo style pocket on side leg', 'Straight leg shape', 'Elastic waist with internal draw string closure', 'Utility loop on RHS waistband', '2.5cm Hem allowance', 'Womens jogger also available - CL541LL']}","Sizes: XXS - 6XL; Fabric: 77% Recycled Polyester, 19% Viscose, 4% Elastane; Easy-care, wash and wear performance fabric for the most demanding of environments; Suitable for warmer climates; Features: 2 Side front pockets,1 cargo style pocket on side leg,Straight leg shape,Elastic waist with internal draw string closure,Utility loop on RHS waistband,2.5cm Hem allowance,Womens jogger also available - CL541LL; ",CL542UL_Talent_MidnightNavy_01.jpg,CL542UL_Talent_MidnightNavy_01.jpg;CL542UL_Talent_MidnightNavy_02_0QEPGuS.jpg;CL542UL_Talent_MidnightNavy_03.jpg;CL542UL_Talent_MidnightNavy_04.jpg;CL542UL_Talent_MidnightNavy_05.jpg;CL542UL_Talent_MidnightNavy_07.jpg;CL542UL_Talent_MidnightNavy_08.jpg;CL542UL_Product_MidnightNavy_01.jpg;CL542UL_Product_MidnightNavy_02.jpg;CL542UL_Talent_MidnightNavy_06.jpg;CL542UL_Talent_Black_01.jpg;CL542UL_Talent_Black_02.jpg;CL542UL_Talent_Black_03.jpg;CL542UL_Talent_Black_05.jpg;CL542UL_Talent_Black_06.jpg;CL542UL_Talent_Black_07.jpg;CL542UL_Talent_CaribbeanBlue_01.jpg;CL542UL_Talent_CaribbeanBlue_02.jpg;CL542UL_Talent_CaribbeanBlue_03.jpg;CL542UL_Talent_CaribbeanBlue_04.jpg;CL542UL_Talent_CaribbeanBlue_05.jpg;CL542UL_Product_CaribbeanBlue_01.jpg;CL542UL_Product_CaribbeanBlue_02.jpg,new style
CL953LL,Black;Navy;Charcoal,4;6;8;10;12;16;18;20;14,pharmaceutical;early learning;aged care;pants;beauty & spa;aged care;nursing;dentistry;carers;veterinary;allied health;female;women;bottoms;polyester;viscose;elastane;separates;mix and match;functional pant;plus size,Womens Comfort Waist Slim Leg Pant,"{'sizes': '4 - 20.', 'fabric': ['64% Polyester 34% Viscose 2% Elastane.'], 'features': ['Breathable, durable, and easy-care fabric.', 'Made from a lightweight plain weave with added stretch for comfort.', 'Comfort lower pants, shorts and skirt have a built in comfort stretch waist band, making it perfect for all function and admin roles.']}","Sizes: 4 - 20.; Fabric: 64% Polyester 34% Viscose 2% Elastane.; Features: Breathable, durable, and easy-care fabric.,Made from a lightweight plain weave with added stretch for comfort.,Comfort lower pants, shorts and skirt have a built in comfort stretch waist band, making it perfect for all function and admin roles.; ",CL953LL_bProduct_Black_01_MDKkoQt.jpg,CL953LL_bProduct_Black_01_MDKkoQt.jpg;CL953LL_bProduct_Black_02_kwaG8r8.jpg;CL953LL_Talent_Navy_03.jpg;CL953LL_bProduct_Navy_02_nbz0URB.jpg;CL953LL_bProduct_Navy_01_ppFQNzO.jpg;CL953LL_bProduct_Charcoal_01_b3cA2JR.jpg;CL953LL_bProduct_Charcoal_02_Q4aGNB7.jpg,normal
CL954LL,Navy;Black;Charcoal,4;6;8;10;12;14;16;18;20;22;24;26;30;28,pants;beauty & spa;aged care;nursing;dentistry;carers;veterinary;allied health;laboratory;female;women;bottoms;polyester;viscose;elastane;cargo;separates;mix and match;functional pant;plus size,Womens Comfort Waist Cargo Pant,"{'sizes': '4 - 30.', 'fabric': ['64% Polyester 34% Viscose 2% Elastane.'], 'features': ['Breathable, durable, and easy-care fabric.', 'Made from a lightweight plain weave with added stretch for comfort.', 'Comfort lower pants, shorts and skirt have a built in comfort stretch waist band, making it perfect for all function and admin roles.']}","Sizes: 4 - 30.; Fabric: 64% Polyester 34% Viscose 2% Elastane.; Features: Breathable, durable, and easy-care fabric.,Made from a lightweight plain weave with added stretch for comfort.,Comfort lower pants, shorts and skirt have a built in comfort stretch waist band, making it perfect for all function and admin roles.; ",CL954LL_bProduct_Navy_01_5Ps8LYa.jpg,CL954LL_bProduct_Navy_01_5Ps8LYa.jpg;CL954LL_bProduct_Navy_02_JcLod1s.jpg;CL954LL_Talent_Black_04.jpg;CL954LL_bProduct_Black_02_MWapUB0.jpg;CL954LL_bProduct_Black_01_UsRBP1U.jpg;CL954LL_bProduct_Charcoal_01_O9zppyJ.jpg;CL954LL_bProduct_Charcoal_02_IujV99L.jpg,normal
CL955LL,Black;Charcoal;Navy,8;10;12;14;16;18;20;22;24;26;28;30,pharmaceutical;early learning;pants;beauty & spa;aged care;nursing;dentistry;carers;veterinary;allied health;female;women;bottoms;polyester;viscose;elastane;separates;mix and match;functional pant;plus size,Womens Comfort Waist Straight Leg Pant,"{'sizes': '8 - 30.', 'fabric': ['64% Polyester 34% Viscose 2% Elastane.'], 'features': ['Breathable, durable, and easy-care fabric.', 'Made from a lightweight plain weave with added stretch for comfort.', 'Comfort lower pants, shorts and skirt have a built in comfort stretch waist band, making it perfect for all function and admin roles.']}","Sizes: 8 - 30.; Fabric: 64% Polyester 34% Viscose 2% Elastane.; Features: Breathable, durable, and easy-care fabric.,Made from a lightweight plain weave with added stretch for comfort.,Comfort lower pants, shorts and skirt have a built in comfort stretch waist band, making it perfect for all function and admin roles.; ",CL955LL_Talent_Black_02.jpg,CL955LL_Talent_Black_02.jpg;CL955LL_bProduct_Black_02_MfkYcE3.jpg;CL955LL_bProduct_Black_01_O6cExSq.jpg;CL955LL_bProduct_Charcoal_02_mSO9J1k.jpg;CL955LL_bProduct_Charcoal_01_SQcMev8.jpg;CL955LL_bProduct_Navy_01_wiHZvQG.jpg;CL955LL_bProduct_Navy_02_2QDk8JJ.jpg,normal
CL956LS,Black;Navy;Charcoal,4;6;8;10;12;14;16;18;20;22;24;26;28;30,skirts;beauty & spa;aged care;nursing;dentistry;carers;veterinary;allied health;laboratory;female;women;bottoms;polyester;viscose;elastane;cargo;separates;mix and match;functional skirt;plus size,Womens Comfort Waist Cargo Skirt,"{'sizes': '4 - 30.', 'fabric': ['64% Polyester 34% Viscose 2% Elastane.'], 'features': ['Breathable, durable, and easy-care fabric.', 'Made from a lightweight plain weave with added stretch for comfort.', 'Comfort lower pants, shorts and skirt have a built in comfort stretch waist band, making it perfect for all function and admin roles.']}","Sizes: 4 - 30.; Fabric: 64% Polyester 34% Viscose 2% Elastane.; Features: Breathable, durable, and easy-care fabric.,Made from a lightweight plain weave with added stretch for comfort.,Comfort lower pants, shorts and skirt have a built in comfort stretch waist band, making it perfect for all function and admin roles.; ",CL956LS_Talent_Black_02.jpg,CL956LS_Talent_Black_02.jpg;CL956LS_bProduct_Black_02_IQDsZZM.jpg;CL956LS_bProduct_Black_01_USq3XC6.jpg;CL956LS_bProduct_Navy_01_sEe69ms.jpg;CL956LS_bProduct_Navy_02_AhJo062.jpg;CL956LS_bProduct_Charcoal_01_FPvtLox.jpg;CL956LS_bProduct_Charcoal_02_dphghqq.jpg,normal
CL957LS,Navy;Black;Charcoal,4;6;16;18;20;10;12;14;22;24;26;8,shorts;beauty & spa;aged care;nursing;dentistry;carers;veterinary;allied health;laboratory;female;women;bottoms;polyester;viscose;elastane;cargo;separates;mix and match;functional short;plus size,Womens Comfort Waist Cargo Short,"{'sizes': '4 - 26.', 'fabric': ['64% Polyester 34% Viscose 2% Elastane.'], 'features': ['Breathable, durable, and easy-care fabric.', 'Made from a lightweight plain weave with added stretch for comfort.', 'Comfort lower pants, shorts and skirt have a built in comfort stretch waist band, making it perfect for all function and admin roles.']}","Sizes: 4 - 26.; Fabric: 64% Polyester 34% Viscose 2% Elastane.; Features: Breathable, durable, and easy-care fabric.,Made from a lightweight plain weave with added stretch for comfort.,Comfort lower pants, shorts and skirt have a built in comfort stretch waist band, making it perfect for all function and admin roles.; ",CL957LS_Product_Navy_01.jpg,CL957LS_Product_Navy_01.jpg;CL957LS_Product_Navy_02.jpg;CL957LS_Product_Black_01.jpg;CL957LS_Product_Black_02.jpg;CL957LS_Talent_Charcoal_01_8lqIKdz.jpg;CL957LS_Product_Charcoal_02.jpg;CL957LS_Product_Charcoal_01.jpg,normal
CL958ML,Black;Navy;Charcoal,97R;92R;87R;82R;77R;72R;127R;122R;117R;112R;107R;102R,pharmaceutical;early learning;pants;beauty & spa;aged care;nursing;dentistry;carers;veterinary;allied health;laboratory;male;bottoms;polyester;viscose;elastane;separates;mix and match;functional pant;plus size,Mens Comfort Waist Flat Front Pant,"{'sizes': '72R - 127R.', 'fabric': ['64% Polyester 34% Viscose 2% Elastane.'], 'features': ['Breathable, durable, and easy-care fabric.', 'Made from a lightweight plain weave with added stretch for comfort.', 'Comfort lower pants, shorts and skirt have a built in comfort stretch waist band, making it perfect for all function and admin roles.']}","Sizes: 72R - 127R.; Fabric: 64% Polyester 34% Viscose 2% Elastane.; Features: Breathable, durable, and easy-care fabric.,Made from a lightweight plain weave with added stretch for comfort.,Comfort lower pants, shorts and skirt have a built in comfort stretch waist band, making it perfect for all function and admin roles.; ",CL958ML_Talent_Black_01.jpg,CL958ML_Talent_Black_01.jpg;CL958ML_bProduct_Black_02_xQvd2TF.jpg;CL958ML_bProduct_Black_01_fKZPWul.jpg;CL958ML_bProduct_Navy_01_RW5Qy8t.jpg;CL958ML_bProduct_Navy_02_pFY6jVd.jpg;CL958ML_bProduct_Charcoal_01_tV2UvIK.jpg;CL958ML_bProduct_Charcoal_02_FYQVRKT.jpg,normal
CL959ML,Black;Navy;Charcoal,97R;92R;87R;82R;77R;72R;122R;117R;112R;107R;102R;127R,pants;beauty & spa;aged care;nursing;dentistry;carers;veterinary;allied health;laboratory;male;bottoms;polyester;viscose;elastane;cargo;separates;mix and match;functional pant;plus size,Mens Comfort Waist Cargo Pant,"{'sizes': '72R - 127R.', 'fabric': ['64% Polyester 34% Viscose 2% Elastane.'], 'features': ['Breathable, durable, and easy-care fabric.', 'Made from a lightweight plain weave with added stretch for comfort.', 'Comfort lower pants, shorts and skirt have a built in comfort stretch waist band, making it perfect for all function and admin roles.']}","Sizes: 72R - 127R.; Fabric: 64% Polyester 34% Viscose 2% Elastane.; Features: Breathable, durable, and easy-care fabric.,Made from a lightweight plain weave with added stretch for comfort.,Comfort lower pants, shorts and skirt have a built in comfort stretch waist band, making it perfect for all function and admin roles.; ",CL959ML_bProduct_Black_01_UpCFFt9.jpg,CL959ML_bProduct_Black_01_UpCFFt9.jpg;CL959ML_bProduct_Black_02_igWA9RT.jpg;CL959ML_Talent_Navy_01.jpg;CL959ML_bProduct_Navy_02_6RAdOvl.jpg;CL959ML_bProduct_Navy_01_J83hWjl.jpg;CL959ML_bProduct_Charcoal_02_8Lni5Bm.jpg;CL959ML_bProduct_Charcoal_01_rGKz8yE.jpg,normal
CL960MS,Navy;Black;Charcoal,97R;92R;87R;82R;77R;72R;127R;122R;112R;107R;102R;117R,shorts;beauty & spa;aged care;nursing;dentistry;carers;veterinary;allied health;laboratory;male;bottoms;polyester;viscose;elastane;cargo;separates;mix and match;functional short;plus size,Mens Comfort Waist Cargo Short,"{'sizes': '72R - 127R.', 'fabric': ['64% Polyester 34% Viscose 2% Elastane.'], 'features': ['Breathable, durable, and easy-care fabric.', 'Made from a lightweight plain weave with added stretch for comfort.', 'Comfort lower pants, shorts and skirt have a built in comfort stretch waist band, making it perfect for all function and admin roles.']}","Sizes: 72R - 127R.; Fabric: 64% Polyester 34% Viscose 2% Elastane.; Features: Breathable, durable, and easy-care fabric.,Made from a lightweight plain weave with added stretch for comfort.,Comfort lower pants, shorts and skirt have a built in comfort stretch waist band, making it perfect for all function and admin roles.; ",CL960MS_Talent_Navy_01_7tRHq3i.jpg,CL960MS_Talent_Navy_01_7tRHq3i.jpg;CL960MS_Product_Navy_02.jpg;CL960MS_Product_Navy_01.jpg;CL960MS_Product_Black_01.jpg;CL960MS_Product_Black_02.jpg;CL960MS_Product_Charcoal_01.jpg;CL960MS_Product_Charcoal_02.jpg,normal
CO342LJ,Black Marle;Navy Marle,3XL;2XL;L;M;S;XS;XL,jackets;casualwear;fleece;aged care;pharmaceutical;early learning;outerwear,Womens Nova Zip Front Jumper,"{'sizes': 'XS-3XL.', 'fabric': ['100% Polyester with Antibacterial treatment.'], 'features': ['The Nova range is the perfect upgrade from the traditional polar fleece.', 'Suitable for a wide range of industries, this tran-seasonal garment features 2x external zip pockets, internal pockets, ribbed neck designed to sit at base of neck, and front zip chin guard for comfort.', ""Women's style has a 2-way front zip.""]}","Sizes: XS-3XL.; Fabric: 100% Polyester with Antibacterial treatment.; Features: The Nova range is the perfect upgrade from the traditional polar fleece.,Suitable for a wide range of industries, this tran-seasonal garment features 2x external zip pockets, internal pockets, ribbed neck designed to sit at base of neck, and front zip chin guard for comfort.,Women's style has a 2-way front zip.; ",CO342LJ_Talent_BlackMarle_01_QjDEjli.jpg,CO342LJ_Talent_BlackMarle_01_QjDEjli.jpg;CO342LJ_bProduct_BlackMarle_02_HdIy148.jpg;CO342LJ_bProduct_BlackMarle_01_lmDusYI.jpg;CO342LJ_bProduct_NavyMarle_01_yKJuFe8.jpg;CO342LJ_bProduct_NavyMarle_02_liK1SQ8.jpg,normal
CO342MJ,Navy Marle;Black Marle,5XL;4XL;3XL;2XL;XL;L;M;S;XS,jackets;casualwear;fleece;aged care;pharmaceutical;early learning;outerwear,Mens Nova Zip Front Jumper,"{'sizes': 'XS-5XL.', 'fabric': ['100% Polyester with Antibacterial treatment.'], 'features': ['The Nova range is the perfect upgrade from the traditional polar fleece.', 'Suitable for a wide range of industries, this tran-seasonal garment features 2x external zip pockets, internal pockets, ribbed neck designed to sit at base of neck, and front zip chin guard for comfort.']}","Sizes: XS-5XL.; Fabric: 100% Polyester with Antibacterial treatment.; Features: The Nova range is the perfect upgrade from the traditional polar fleece.,Suitable for a wide range of industries, this tran-seasonal garment features 2x external zip pockets, internal pockets, ribbed neck designed to sit at base of neck, and front zip chin guard for comfort.; ",CO342MJ_bProduct_NavyMarle_01_MzAMzSS.jpg,CO342MJ_bProduct_NavyMarle_01_MzAMzSS.jpg;CO342MJ_bProduct_NavyMarle_02_WOxBPd0.jpg;CO342MJ_Talent_BlackMarle_01_eA1mb0A.jpg;CO342MJ_bProduct_BlackMarle_02_xIRhP9F.jpg;CO342MJ_bProduct_BlackMarle_01_1CtjFil.jpg,normal
CO343LV,Black Marle;Navy Marle,3XL;2XL;XL;L;M;S;XS,vest;vests;casualwear;fleece;aged care;pharmeceutical;early learning;outerwear,Womens Nova Zip Front Vest,"{'sizes': 'XS-3XL.', 'fabric': ['100% Polyester with Antibacterial treatment.'], 'features': ['The Nova range is the perfect upgrade from the traditional polar fleece.', 'Suitable for a wide range of industries, this tran-seasonal garment features 2x external zip pockets, internal pockets, ribbed neck designed to sit at base of neck, and front zip chin guard for comfort.', ""Women's style has a 2-way front zip.""]}","Sizes: XS-3XL.; Fabric: 100% Polyester with Antibacterial treatment.; Features: The Nova range is the perfect upgrade from the traditional polar fleece.,Suitable for a wide range of industries, this tran-seasonal garment features 2x external zip pockets, internal pockets, ribbed neck designed to sit at base of neck, and front zip chin guard for comfort.,Women's style has a 2-way front zip.; ",CO343LV_Talent_BlackMarle_07_D5UW2Lq.jpg,CO343LV_Talent_BlackMarle_07_D5UW2Lq.jpg;CO343LV_bProduct_BlackMarle_02_0sC18bi.jpg;CO343LV_bProduct_BlackMarle_01_Bs6ftCa.jpg;CO343LV_bProduct_NavyMarle_01_LvN9iTn.jpg;CO343LV_bProduct_NavyMarle_02_kz20pRS.jpg,normal
CO343MV,Black Marle;Navy Marle,5XL;4XL;3XL;2XL;XL;L;M;S;XS,vest;vests;casualwear;fleece;aged care;pharmaceutical;early learning;outerwear,Mens Nova Zip Front Vest,"{'sizes': 'XS-5XL.', 'fabric': ['100% Polyester with Antibacterial treatment.'], 'features': ['The Nova range is the perfect upgrade from the traditional polar fleece.', 'Suitable for a wide range of industries, this tran-seasonal garment features 2x external zip pockets, internal pockets, ribbed neck designed to sit at base of neck, and front zip chin guard for comfort.']}","Sizes: XS-5XL.; Fabric: 100% Polyester with Antibacterial treatment.; Features: The Nova range is the perfect upgrade from the traditional polar fleece.,Suitable for a wide range of industries, this tran-seasonal garment features 2x external zip pockets, internal pockets, ribbed neck designed to sit at base of neck, and front zip chin guard for comfort.; ",CO343MV_bProduct_BlackMarle_01_WUxa8Fz.jpg,CO343MV_bProduct_BlackMarle_01_WUxa8Fz.jpg;CO343MV_bProduct_BlackMarle_02_2H9F19e.jpg;CO343MV_Talent_NavyMarle_01_xDRgSl3.jpg;CO343MV_bProduct_NavyMarle_02_OvE1raD.jpg;CO343MV_bProduct_NavyMarle_01_PoDTAEE.jpg,normal
CPT451LS,Black;White,2XL;L;M;S;XXS;XS;3XL;XL,pharmaceutical;dentistry;healthwear;veterinary;jacket;pharmacy,Womens Essence Jacket,"{'sizes': 'XXS - 3XL', 'fabric': '77% Recycled Polyester, 19% Viscose, 4% Elastane, with DWR treatment', 'features': ['Classic fit', ' Asymmetrical front with ring-snap fastener closure', ' 2 Front pockets on each side', ' Mandarin collar with open neckline', ' Darts on the back to add more shaping to body', ' Bar tacked reinforcement on pockets and splits']}","Sizes: XXS - 3XL; Fabric: 77% Recycled Polyester, 19% Viscose, 4% Elastane, with DWR treatment; Features: Classic fit, Asymmetrical front with ring-snap fastener closure, 2 Front pockets on each side, Mandarin collar with open neckline, Darts on the back to add more shaping to body, Bar tacked reinforcement on pockets and splits; ",CPT451LS_Talent_Black_01.jpg,CPT451LS_Talent_Black_01.jpg;CPT451LS_Talent_Black_02.jpg;CPT451LS_Talent_Black_03.jpg;CPT451LS_bProduct_Black_02.jpg;CPT451LS_bProduct_Black_01.jpg;CPT451LS_Talent_White_01.jpg;CPT451LS_Talent_White_02.jpg;CPT451LS_Talent_White_03.jpg;CPT451LS_Talent_White_04.jpg;CPT451LS_Talent_White_05.jpg;CPT451LS_bProduct_White_02.jpg;CPT451LS_bProduct_White_01.jpg,normal
CPT451MS,Black;White,2XL;3XL;5XL;L;M;S;XL;XS,pharmaceutical;dentistry;healthwear;veterinary;jacket;pharmacy,Mens Essence Jacket,"{'sizes': 'XS - 3XL, 5XL', 'fabric': '77% Recycled Polyester, 19% Viscose, 4% Elastane, with DWR treatment', 'features': ['Relax fit', ' Asymmetrical front with full length zip and ring-snap fastener closure at neck', ' Patch pocket on left front chest with pen partition', ' Band collar', ' Straight hemline with side splits for ease of movement', ' Bar tacked reinforcement on pockets and splits']}","Sizes: XS - 3XL, 5XL; Fabric: 77% Recycled Polyester, 19% Viscose, 4% Elastane, with DWR treatment; Features: Relax fit, Asymmetrical front with full length zip and ring-snap fastener closure at neck, Patch pocket on left front chest with pen partition, Band collar, Straight hemline with side splits for ease of movement, Bar tacked reinforcement on pockets and splits; ",CPT451MS_Talent_Black_01.jpg,CPT451MS_Talent_Black_01.jpg;CPT451MS_Talent_Black_02.jpg;CPT451MS_Talent_Black_03.jpg;CPT451MS_Talent_Black_04.jpg;CPT451MS_Talent_Black_05.jpg;CPT451MS_bProduct_Black_02.jpg;CPT451MS_bProduct_Black_01.jpg;CPT451MS_Talent_White_01.jpg;CPT451MS_Talent_White_03.jpg;CPT451MS_Talent_White_02.jpg;CPT451MS_Talent_White_04.jpg;CPT451MS_Talent_White_05.jpg;CPT451MS_Talent_White_06.jpg;CPT451MS_Talent_White_07.jpg;CPT451MS_bProduct_White_02.jpg;CPT451MS_bProduct_White_01.jpg,normal
CS450LS,Navy;Teal;Mid Blue,12;14;16;18;20;22;24;28;30;4;6;8;10;26,aged care;early learning;shirting and tops;stardust;shirts;tunics,Womens Florence Stardust Print Tunic,"{'sizes': '4 - 30', 'fabric': '94% Polyester, 6% Elastane; 2-Way Stretch for extra comfort and ease of movement', 'features': ['Designed with a flattering Y-neck open and mandarin collar, simple lines and no chest pocket for a clean look', ' 2 Durable deep front pockets', ' Designed to be worn out not tucked in', ' Straight longer back hemline for extra coverage and as a styling feature', ' Folded back hem to eliminate reverse side of print showing', ' Triangle cut-out detailing on sleeves', ' Princess seams to provide shaping from bust to waist without being restrictive', ' Perfect for all body shapes', ' Dyed to match buttons for minimalistic finish, and allows monogram to stand out']}","Sizes: 4 - 30; Fabric: 94% Polyester, 6% Elastane; 2-Way Stretch for extra comfort and ease of movement; Features: Designed with a flattering Y-neck open and mandarin collar, simple lines and no chest pocket for a clean look, 2 Durable deep front pockets, Designed to be worn out not tucked in, Straight longer back hemline for extra coverage and as a styling feature, Folded back hem to eliminate reverse side of print showing, Triangle cut-out detailing on sleeves, Princess seams to provide shaping from bust to waist without being restrictive, Perfect for all body shapes, Dyed to match buttons for minimalistic finish, and allows monogram to stand out; ",CS450LS_Talent_Navy_01.jpg,CS450LS_Talent_Navy_01.jpg;CS450LS_Talent_Navy_02.jpg;CS450LS_Talent_Navy_03.jpg;CS450LS_Talent_Navy_04.jpg;CS450LS_bProduct_Navy_02.jpg;CS450LS_bProduct_Navy_01.jpg;CS450LS_Talent_Teal_01.jpg;CS450LS_Talent_Teal_02.jpg;CS450LS_Talent_Teal_03.jpg;CS450LS_Talent_Teal_04.jpg;CS450LS_bProduct_Teal_02.jpg;CS450LS_bProduct_Teal_01.jpg;CS450LS_Talent_MidBlue_01.jpg;CS450LS_Talent_MidBlue_02.jpg;CS450LS_Talent_MidBlue_03.jpg;CS450LS_Talent_MidBlue_04.jpg;CS450LS_bProduct_MidBlue_02.jpg;CS450LS_bProduct_MidBlue_01.jpg,normal
CS947LS,Teal;Navy;Black;Purple;Mid Blue;Charcoal;Cherry;Electric Blue,4;6;8;10;12;16;18;20;22;24;26;28;30;14,early learning;shirts;beauty & spa;aged care;nursing;dentistry;carers;veterinary;allied health;female;women;short sleeve;polyester;elastane;tops;easy stretch;shirting and tops;mix and match,Womens Florence Plain Short Sleeve Shirt,"{'sizes': '4 - 30.', 'fabric': ['94% Polyester 6% Elastane.'], 'features': ['A perfect blend of style, comfort and function.', 'The easy-care fabric is breathable, soft and lightweight; perfect for all climates.', 'Styles feature longer hem lengths, hidden bust button (short sleeve and 3/4 sleeve styles), side splits and pockets.']}","Sizes: 4 - 30.; Fabric: 94% Polyester 6% Elastane.; Features: A perfect blend of style, comfort and function.,The easy-care fabric is breathable, soft and lightweight; perfect for all climates.,Styles feature longer hem lengths, hidden bust button (short sleeve and 3/4 sleeve styles), side splits and pockets.; ",CS947LS_bProduct_Teal_02_R1s2JaG.jpg,CS947LS_bProduct_Teal_02_R1s2JaG.jpg;CS947LS_bProduct_Teal_01_lWUs0qm.jpg;CS947LS_bProduct_Navy_01_AKsjHR6.jpg;CS947LS_bProduct_Navy_02_Rw2j8l5.jpg;CS947LS_bProduct_Black_01_MS04csv.jpg;CS947LS_bProduct_Black_02_SOxhAZJ.jpg;CS947LS_Talent_Purple_01.jpg;CS947LS_bProduct_Purple_02_WNUTADA.jpg;CS947LS_bProduct_Purple_01_ptu1qP0.jpg;CS947LS_bProduct_MidBlue_01_NQIZUxb.jpg;CS947LS_bProduct_MidBlue_02_rIPUGZD.jpg;CS947LS_bProduct_Charcoal_01_i1zlOta.jpg;CS947LS_bProduct_Charcoal_02_6bGBzID.jpg;CS947LS_bProduct_Cherry_01_VuwR4PX.jpg;CS947LS_bProduct_Cherry_02_p6swytP.jpg;CS947LS_bProduct_ElectricBlue_01_Ry40qpb.jpg;CS947LS_bProduct_ElectricBlue_02_n638vxn.jpg,normal
CS948LS,Teal;Navy;Purple;Electric Blue,4;6;8;10;12;14;16;18;20;22;24;26;28;30,early learning;shirts;beauty & spa;aged care;nursing;dentistry;carers;veterinary;allied health;female;women;short sleeve;polyester;elastane;tops;easy stretch;daisy print;shirting and tops;mix and match;plus size,Womens Florence Daisy Print Short Sleeve Shirt,"{'sizes': '4 - 30.', 'fabric': ['94% Polyester 6% Elastane.'], 'features': ['A perfect blend of style, comfort and function.', 'The easy-care fabric is breathable, soft and lightweight; perfect for all climates.', 'Styles feature longer hem lengths, hidden bust button on short sleeve style, side splits and pocket.']}","Sizes: 4 - 30.; Fabric: 94% Polyester 6% Elastane.; Features: A perfect blend of style, comfort and function.,The easy-care fabric is breathable, soft and lightweight; perfect for all climates.,Styles feature longer hem lengths, hidden bust button on short sleeve style, side splits and pocket.; ",CS948LS_Talent_Teal_01.jpg,CS948LS_Talent_Teal_01.jpg;CS948LS_bProduct_Teal_02_r6ESUxG.jpg;CS948LS_bProduct_Teal_01_PvHKGh6.jpg;CS948LS_bProduct_Navy_01_xDLCgds.jpg;CS948LS_bProduct_Navy_02_W35W6x3.jpg;CS948LS_bProduct_Purple_01_ZbrYKr5.jpg;CS948LS_bProduct_Purple_02_DU54v75.jpg;CS948LS_bProduct_ElectricBlue_01_xBRQfIC.jpg;CS948LS_bProduct_ElectricBlue_02_esB27X7.jpg,normal
CS949LS,Cherry;Charcoal;Teal;Electric Blue;Navy;Black;Mid Blue;Purple,4;8;10;12;14;16;18;20;22;24;26;28;30;6,beauty;tunics;beauty & spa;aged care;nursing;dentistry;carers;veterinary;allied health;female;women;short sleeve;polyester;elastane;tops;easy stretch;shirts;healthwear;shirting and tops;mix and match,Womens Florence Plain Tunic,"{'sizes': '4 - 30.', 'fabric': ['94% Polyester 6% Elastane.'], 'features': ['A perfect blend of style, comfort and function.', 'The easy-care fabric is breathable, soft and lightweight; perfect for all climates.', 'Style features longer hem length.', 'Also available in 3/4 sleeve shirt style CS951LT and short sleeve shirt style CS947LS.']}","Sizes: 4 - 30.; Fabric: 94% Polyester 6% Elastane.; Features: A perfect blend of style, comfort and function.,The easy-care fabric is breathable, soft and lightweight; perfect for all climates.,Style features longer hem length.,Also available in 3/4 sleeve shirt style CS951LT and short sleeve shirt style CS947LS.; ",CS949LS_Talent_Cherry_02.jpg,CS949LS_Talent_Cherry_02.jpg;CS949LS_bProduct_Cherry_02_VxEuKo1.jpg;CS949LS_bProduct_Cherry_01_VDSZsga.jpg;CS949LS_bProduct_Charcoal_01_UeYI7jv.jpg;CS949LS_bProduct_Charcoal_02_VwOm3XP.jpg;CS949LS_bProduct_Teal_01_MVWajG6.jpg;CS949LS_bProduct_Teal_02_SAORyUR.jpg;CS949LS_bProduct_ElectricBlue_02_9lysI3O.jpg;CS949LS_bProduct_ElectricBlue_01_QNuKX1s.jpg;CS949LS_bProduct_Navy_02_y54gdZq.jpg;CS949LS_bProduct_Navy_01_zrlxD7p.jpg;CS949LS_bProduct_Black_01_ekDbtbm.jpg;CS949LS_bProduct_Black_02_DeGRfm5.jpg;CS949LS_bProduct_MidBlue_02_YRzbHxG.jpg;CS949LS_bProduct_MidBlue_01_uwQeAFD.jpg;CS949LS_bProduct_Purple_01_ZtGNzkz.jpg;CS949LS_bProduct_Purple_02_Hdbzuz9.jpg,normal
CS950LS,Teal;Navy;Purple;Electric Blue,4;6;8;10;12;14;16;18;20;22;24;26;28;30,beauty;tunics;beauty & spa;aged care;nursing;dentistry;carers;veterinary;allied health;female;women;short sleeve;polyester;elastane;tops;easy stretch;daisy print;shirts;healthwear;shirting and tops;mix and match,Womens Florence Daisy Print Tunic,"{'sizes': '4 - 30.', 'fabric': ['94% Polyester 6% Elastane.'], 'features': ['A perfect blend of style, comfort and function.', 'The easy-care fabric is breathable, soft and lightweight; perfect for all climates.', 'Styles features longer hem lengths, hidden bust button on short sleeve style, side splits and pockets.']}","Sizes: 4 - 30.; Fabric: 94% Polyester 6% Elastane.; Features: A perfect blend of style, comfort and function.,The easy-care fabric is breathable, soft and lightweight; perfect for all climates.,Styles features longer hem lengths, hidden bust button on short sleeve style, side splits and pockets.; ",CS950LS_bProduct_Teal_02_XxDQXmx.jpg,CS950LS_bProduct_Teal_02_XxDQXmx.jpg;CS950LS_bProduct_Teal_01_DhmbYDm.jpg;CS950LS_bProduct_Navy_01_TGWSxQs.jpg;CS950LS_bProduct_Navy_02_Mz7emSo.jpg;CS950LS_Talent_Purple_01.jpg;CS950LS_bProduct_Purple_02_xsPPrUG.jpg;CS950LS_bProduct_Purple_01_jIgsMWT.jpg;CS950LS_bProduct_ElectricBlue_01_31UKsUl.jpg;CS950LS_bProduct_ElectricBlue_02_LUEQwEI.jpg,normal
CS952LS,Charcoal;Cherry;Purple;Black;Electric Blue;Mid Blue;Teal;Navy,XXS;XS;S;M;2XL;3XL;4XL;L;XL,medical;beauty;pharmaceutical;dentistry;early learning;t-tops;aged care;nursing;dentistry;carers;veterinary;allied health;female;women;short sleeve;polyester;elastane;tops;easy stretch;marley;shirting and tops;mix and match;plus size;shirts,Womens Marley Short Sleeve Jersey Top,"{'sizes': 'XXS - 4XL.', 'fabric': ['95% Polyester 5% Elastane.'], 'features': ['Our easy care Jersey T-Top is an essential piece in any working wardrobe.', 'The lightweight soft knit provides stretch and comfort without clinging to the body.', 'Designed to complement all silhouettes.']}","Sizes: XXS - 4XL.; Fabric: 95% Polyester 5% Elastane.; Features: Our easy care Jersey T-Top is an essential piece in any working wardrobe.,The lightweight soft knit provides stretch and comfort without clinging to the body.,Designed to complement all silhouettes.; ",CS952LS_bProduct_Charcoal_01_uSyFnbr.jpg,CS952LS_bProduct_Charcoal_01_uSyFnbr.jpg;CS952LS_bProduct_Charcoal_02_oHDnfwU.jpg;CS952LS_bProduct_Cherry_01_rLV2WOK.jpg;CS952LS_bProduct_Cherry_02_UKPTleB.jpg;CS952LS_bProduct_Purple_01_sc1LuwP.jpg;CS952LS_bProduct_Purple_02_3geFbK6.jpg;CS952LS_bProduct_Black_01_2YEDeQM.jpg;CS952LS_bProduct_Black_02_3fSm0M1.jpg;CS952LS_Talent_ElectricBlue_01.jpg;CS952LS_bProduct_ElectricBlue_02_N0Eggr5.jpg;CS952LS_bProduct_ElectricBlue_01_4mBQBeS.jpg;CS952LS_bProduct_MidBlue_01_SOfi0P4.jpg;CS952LS_bProduct_MidBlue_02_U4h11Ru.jpg;CS952LS_bProduct_Teal_01_Crpisrz.jpg;CS952LS_bProduct_Teal_02_43uZWPQ.jpg;CS952LS_bProduct_Navy_02_SSVRROE.jpg;CS952LS_bProduct_Navy_01_bly9NoR.jpg,normal
CSC245U,Sugar Land;Puppies;Cheeky Pets,FRE,medical;accessories;scrub cap;cotton;nursing;dentistry;veterinary;unisex;headwear;caps;healthwear;printed;scrub tops,Unisex Printed Scrub Cap,"{'sizes': 'One Size, fits head diameter of approx. 62cm, including bun tied below crown of head.', 'fabric': ['100% Cotton.'], 'features': ['Made from soft and breathable 100% cotton.', 'Featuring elastic back and tie, designed to stretch easily over buns.', 'Side buttons for your mask.']}","Sizes: One Size, fits head diameter of approx. 62cm, including bun tied below crown of head.; Fabric: 100% Cotton.; Features: Made from soft and breathable 100% cotton.,Featuring elastic back and tie, designed to stretch easily over buns.,Side buttons for your mask.; ",CSC245U_bProduct_SugarLand_01_MDybNUg.jpg,CSC245U_bProduct_SugarLand_01_MDybNUg.jpg;CSC245U_bProduct_SugarLand_02_jERC6tO.jpg;CSC245U_bProduct_Puppies_01_vJTPLiC.jpg;CSC245U_bProduct_Puppies_02_r98OVPM.jpg;CSC245U_Talent_CheekyPets_01.jpg;CSC245U_bProduct_CheekyPets_02_6kY661N.jpg;CSC245U_bProduct_CheekyPets_01_Z7EeaeL.jpg,normal
CSC246U,Pink,FRE,accessories;scrub cap;cotton;nursing;dentistry;veterinary;unisex;headwear;caps;pink;pink products;healthwear;printed;scrub tops,Unisex Pink Printed Scrub Cap,"{'sizes': 'One size.', 'fabric': ['100% Cotton.'], 'features': ['Made from soft and breathable 100% cotton.', 'Featuring elastic back and tie, designed to stretch easily over buns.', 'Side buttons for your mask.', 'With each unit sold, Biz Care will donate $2 to National Breast Cancer Foundation.']}","Sizes: One size.; Fabric: 100% Cotton.; Features: Made from soft and breathable 100% cotton.,Featuring elastic back and tie, designed to stretch easily over buns.,Side buttons for your mask.,With each unit sold, Biz Care will donate $2 to National Breast Cancer Foundation.; ",CSC246U_Product_Pink_01.jpg,CSC246U_Product_Pink_01.jpg,normal
CSC249U,Black;Midnight Navy,FRE,medical;accessories;scrub cap;cotton;polyester;nursing;dentistry;veterinary;unisex;headwear;caps;healthwear;scrub tops,Unisex Reversible Scrub Cap,"{'sizes': 'One Size, fits head diameter of approx. 62cm, including bun tied below crown of head.', 'fabric': ['60% Cotton, 40% Polyester with antibacterial protection.'], 'features': ['Reversible scrub caps, perfect for industrial laundering.', 'Made from cotton blend fabric with antibacterial protection.', 'Featuring elastic back and tie, designed to stretch easily over buns.']}","Sizes: One Size, fits head diameter of approx. 62cm, including bun tied below crown of head.; Fabric: 60% Cotton, 40% Polyester with antibacterial protection.; Features: Reversible scrub caps, perfect for industrial laundering.,Made from cotton blend fabric with antibacterial protection.,Featuring elastic back and tie, designed to stretch easily over buns.; ",CSC249U_Talent_Black_01.jpg,CSC249U_Talent_Black_01.jpg;CSC249U_bProduct_Black_02_lmx9aiN.jpg;CSC249U_bProduct_Black_01_dpzp9ys.jpg;CSC249U_bProduct_MidnightNavy_01_0cyYD5e.jpg;CSC249U_bProduct_MidnightNavy_02_F5WPw8Z.jpg,normal
CSP042LL,Midnight Navy;Electric Blue;Black,XXS;XS;S;M;L;XL;2XL;3XL,medical;scrub pants;scrubs;female;cotton;polyester;aged care;allied health;nursing;dentistry;carers;veterinary;healthwear;scrub pant;riley,Womens Riley Slim Leg Jogger Scrub Pant,"{'sizes': 'XXS - 3XL.', 'fabric': ['Main: 52% Cotton 45% Polyester 3% Elastane.', 'Stretch panels: 88% Polyester 12% Elastane with antibacterial treatment.'], 'features': ['Inspired by athleisure and expertly designed to take you through the longest of shifts in comfort.', 'Cotton-rich fabric that feels incredibly soft against the skin, but durable enough for the demands of healthcare.']}","Sizes: XXS - 3XL.; Fabric: Main: 52% Cotton 45% Polyester 3% Elastane.,Stretch panels: 88% Polyester 12% Elastane with antibacterial treatment.; Features: Inspired by athleisure and expertly designed to take you through the longest of shifts in comfort.,Cotton-rich fabric that feels incredibly soft against the skin, but durable enough for the demands of healthcare.; ",CSP042LL_Talent_MidnightNavy_01.jpg,CSP042LL_Talent_MidnightNavy_01.jpg;CSP042LL_bProduct_MidnightNavy_02_0UGzNTF.jpg;CSP042LL_bProduct_MidnightNavy_01_Z5H1hRF.jpg;CSP042LL_bProduct_ElectricBlue_01_VYT9rR4.jpg;CSP042LL_bProduct_ElectricBlue_02_w5j9fVt.jpg;CSP042LL_bProduct_Black_01_jmTL7XC.jpg;CSP042LL_bProduct_Black_02_LvM1MGE.jpg,normal
CSP042ML,Electric Blue;Midnight Navy;Black,XS;S;M;L;XL;2XL;3XL;4XL;5XL,medical;scrub pants;scrubs;male;mens;cotton;polyester;elastane;aged care;allied health;nursing;dentistry;carers;veterinary;healthwear;scrub pant;riley,Mens Riley Slim Leg Jogger Scrub Pant,"{'sizes': 'XS - 5XL.', 'fabric': ['Main: 52% Cotton 45% Polyester 3% Elastane.', 'Stretch panels: 88% Polyester 12% Elastane with antibacterial treatment.'], 'features': ['Inspired by athleisure and expertly designed to take you through the longest of shifts in comfort.', 'Cotton-rich fabric that feels incredibly soft against the skin, but durable enough for the demands of healthcare.']}","Sizes: XS - 5XL.; Fabric: Main: 52% Cotton 45% Polyester 3% Elastane.,Stretch panels: 88% Polyester 12% Elastane with antibacterial treatment.; Features: Inspired by athleisure and expertly designed to take you through the longest of shifts in comfort.,Cotton-rich fabric that feels incredibly soft against the skin, but durable enough for the demands of healthcare.; ",CSP042ML_bProduct_ElectricBlue_01_1Ijzc2F.jpg,CSP042ML_bProduct_ElectricBlue_01_1Ijzc2F.jpg;CSP042ML_bProduct_ElectricBlue_02_zJYBCfI.jpg;CSP042ML_Talent_MidnightNavy_06.jpg;CSP042ML_bProduct_MidnightNavy_02_axGZoJR.jpg;CSP042ML_bProduct_MidnightNavy_01_9MyQ42I.jpg;CSP042ML_bProduct_Black_02_6kr092S.jpg;CSP042ML_bProduct_Black_01_xFT4ZXX.jpg,normal
CSP047LL,Midnight Navy;Purple;Teal;Black;Electric Blue,XXS;XS;S;M;L;XL;2XL;3XL,medical;female;scrubs;scrub pants;cotton;polyester;aged care;allied health;nursing;dentistry;carers;veterinary;healthwear;scrub pant;riley,Womens Riley Straight Leg Scrub Pant,"{'sizes': 'XXS - 3XL.', 'fabric': ['Main: 52% Cotton 45% Polyester 3% Elastane.', 'Stretch panels: 88% Polyester 12% Elastane with antibacterial treatment.'], 'features': ['Inspired by athleisure and expertly designed to take you through the longest of shifts in comfort.', 'Cotton-rich fabric that feels incredibly soft against the skin, but durable enough for the demands of healthcare.']}","Sizes: XXS - 3XL.; Fabric: Main: 52% Cotton 45% Polyester 3% Elastane.,Stretch panels: 88% Polyester 12% Elastane with antibacterial treatment.; Features: Inspired by athleisure and expertly designed to take you through the longest of shifts in comfort.,Cotton-rich fabric that feels incredibly soft against the skin, but durable enough for the demands of healthcare.; ",CSP047LL_bProduct_MidnightNavy_01_KXcNtyb.jpg,CSP047LL_bProduct_MidnightNavy_01_KXcNtyb.jpg;CSP047LL_bProduct_MidnightNavy_02_BVZXRsi.jpg;CSP047LL_bProduct_Purple_01_fKyHOIW.jpg;CSP047LL_bProduct_Purple_02_l3tWor3.jpg;CSP047LL_bProduct_Teal_01_anpYDGN.jpg;CSP047LL_bProduct_Teal_02_aepsJud.jpg;CSP047LL_bProduct_Black_02_6vhIRoX.jpg;CSP047LL_bProduct_Black_01_FCpcmpq.jpg;CSP047LL_Talent_ElectricBlue_01.jpg;CSP047LL_bProduct_ElectricBlue_02_CDA4PiQ.jpg;CSP047LL_bProduct_ElectricBlue_01_5zm9W7n.jpg,normal
CSP047ML,Electric Blue;Purple;Teal;Midnight Navy;Black,XS;S;M;L;XL;2XL;5XL;3XL;4XL,medical;scrub pants;scrubs;male;cotton;polyester;elastane;aged care;allied health;nursing;dentistry;carers;veterinary;healthwear;scrub pant;riley,Mens Riley Straight Leg Scrub Pant,"{'sizes': 'XS - 5XL.', 'fabric': ['Main: 52% Cotton 45% Polyester 3% Elastane.', 'Stretch panels: 88% Polyester 12% Elastane with antibacterial treatment.'], 'features': ['Inspired by athleisure and expertly designed to take you through the longest of shifts in comfort.', 'Cotton-rich fabric that feels incredibly soft against the skin, but durable enough for the demands of healthcare.']}","Sizes: XS - 5XL.; Fabric: Main: 52% Cotton 45% Polyester 3% Elastane.,Stretch panels: 88% Polyester 12% Elastane with antibacterial treatment.; Features: Inspired by athleisure and expertly designed to take you through the longest of shifts in comfort.,Cotton-rich fabric that feels incredibly soft against the skin, but durable enough for the demands of healthcare.; ",CSP047ML_bProduct_ElectricBlue_01_aGFDAD7.jpg,CSP047ML_bProduct_ElectricBlue_01_aGFDAD7.jpg;CSP047ML_bProduct_ElectricBlue_02_zISiXeK.jpg;CSP047ML_Talent_Purple_01.jpg;CSP047ML_bProduct_Purple_02_lYNsIWa.jpg;CSP047ML_bProduct_Purple_01_MjsQOTj.jpg;CSP047ML_bProduct_Teal_01_sBe5n5B.jpg;CSP047ML_bProduct_Teal_02_y1Gb9f5.jpg;CSP047ML_bProduct_MidnightNavy_01_9Qidjkl.jpg;CSP047ML_bProduct_MidnightNavy_02_NQiyzQg.jpg;CSP047ML_bProduct_Black_01_1NwY5VK.jpg;CSP047ML_bProduct_Black_02_aubdZmx.jpg,normal
CSP102UL,Pink,2XL;3XL;4XL;5XL;6XL;M;S;XL;XXS;L;XS,scrub pants;scrubs;unisex;Polyester;elastane;aged care;allied health;nursing;dentistry;carers;veterinary;healthwear;pink;pink products;scrub pant,Unisex Pink Scrub Pant,"{'sizes': 'XXS-6XL.', 'fabric': ['96% Polyester 4% Elastane.'], 'features': ['PINK scrubs are made from our most popular fabric AVERY. Soft, durable and more comfortable than your favourite pair of pyjamas.', 'Designed with attention to detail; functional, responsive, easy-care and durable.', 'Style features: cargo style patch pocket on right side leg, side seam pockets, back patch pocket, 5cm hem allowance, elasticated waist with internal draw string.', 'Style is designed to be a unisex fit, we recommend you size down for a more fitted look.', 'With each unit  sold, Biz Care will donate $5 to National Breast Cancer Foundation.']}","Sizes: XXS-6XL.; Fabric: 96% Polyester 4% Elastane.; Features: PINK scrubs are made from our most popular fabric AVERY. Soft, durable and more comfortable than your favourite pair of pyjamas.,Designed with attention to detail; functional, responsive, easy-care and durable.,Style features: cargo style patch pocket on right side leg, side seam pockets, back patch pocket, 5cm hem allowance, elasticated waist with internal draw string.,Style is designed to be a unisex fit, we recommend you size down for a more fitted look.,With each unit  sold, Biz Care will donate $5 to National Breast Cancer Foundation.; ",CSP102UL_Product_Pink_02.jpg,CSP102UL_Product_Pink_02.jpg;CSP102UL_Product_Pink_01.jpg,normal
CSP143LL,Black;Charcoal;Midnight Navy;Royal,2XL;3XL;5XL;L;M;S;XL;XXS;XS,scrubs;scrub pants;aged care;allied health;nursing;dentistry;carers;veterinary;cotton;polyester;health;healthwear;scrub pant;tokyo,Womens Tokyo Scrub Pant,"{'sizes': 'XXS - 3XL, 5XL.', 'fabric': ['60% Cotton 40% Polyester with antibacterial treatment.'], 'features': ['Straight leg scrub pant with cargo style pockets for all your tools.', 'Side pockets.', 'Full elastic waist band and draw string.', 'Slightly tapered leg to eliminate that boxy wide leg pant look.']}","Sizes: XXS - 3XL, 5XL.; Fabric: 60% Cotton 40% Polyester with antibacterial treatment.; Features: Straight leg scrub pant with cargo style pockets for all your tools.,Side pockets.,Full elastic waist band and draw string.,Slightly tapered leg to eliminate that boxy wide leg pant look.; ",CSP143LL_bProduct_Black_01_nRDmqN6.jpg,CSP143LL_bProduct_Black_01_nRDmqN6.jpg;CSP143LL_bProduct_Black_02_wtYRSo6.jpg;CSP143LL_Talent_Charcoal_01.jpg;CSP143LL_bProduct_Charcoal_02_vd3DC2H.jpg;CSP143LL_bProduct_Charcoal_01_OYzrcaX.jpg;CSP143LL_bProduct_MidnightNavy_01_2padGOj.jpg;CSP143LL_bProduct_MidnightNavy_02_3b7xv33.jpg;CSP143LL_bProduct_Royal_01_9LI9BGr.jpg;CSP143LL_bProduct_Royal_02_wfJlUHP.jpg,normal
CSP143ML,Charcoal;Midnight Navy;Black;Royal,2XL;3XL;5XL;L;M;S;XL;XS;XXS,scrubs;scrub pants;aged care;allied health;nursing;dentistry;carers;veterinary;cotton;polyester;health;healthwear;scrub pant;tokyo,Mens Tokyo Scrub Pant,"{'sizes': 'XXS - 3XL, 5XL.', 'fabric': ['60% Cotton 40% Polyester with antibacterial treatment.'], 'features': ['Straight leg scrub pant with cargo style pockets for all your tools.', 'Side pockets.', 'Full elastic waist band and draw string.', 'Slightly tapered leg to eliminate that boxy wide leg pant look.']}","Sizes: XXS - 3XL, 5XL.; Fabric: 60% Cotton 40% Polyester with antibacterial treatment.; Features: Straight leg scrub pant with cargo style pockets for all your tools.,Side pockets.,Full elastic waist band and draw string.,Slightly tapered leg to eliminate that boxy wide leg pant look.; ",CSP143ML_bProduct_Charcoal_01_UsM2IEx.jpg,CSP143ML_bProduct_Charcoal_01_UsM2IEx.jpg;CSP143ML_bProduct_Charcoal_02_jowR1PA.jpg;CSP143ML_bProduct_MidnightNavy_02_HolwAcn.jpg;CSP143ML_bProduct_MidnightNavy_01_sbkOXYP.jpg;CSP143ML_bProduct_Black_01_1UhUL6s.jpg;CSP143ML_bProduct_Black_02_Lcu6wl2.jpg;CSP143ML_Talent_Royal_02.jpg;CSP143ML_bProduct_Royal_02_osVhHnu.jpg;CSP143ML_bProduct_Royal_01_Hd5Z90q.jpg,normal
CSP151UL,Midnight Navy;Dark Blue;Black,2XL;3XL;4XL;5XL;L;M;S;XL;XS;XXS;6XL,scrubs;scrub pants;aged care;allied health;nursing;dentistry;carers;veterinary;cotton;polyester;health;healthwear;scrub pant;hartwell,Unisex Hartwell Reversible Scrub Pant,"{'sizes': 'XXS – 5XL (6XL available in Dark Blue only).', 'fabric': ['65% Polyester 35% Cotton.'], 'features': ['Unisex reversible scrubs specifically designed for commercial laundromats.', 'Chest pocket and back pant pocket on both sides of the garment.', 'Colour coded size pips and RFID chip placement suitability.', 'All trims and fabric suitable for most industrial washing processes.']}","Sizes: XXS  5XL (6XL available in Dark Blue only).; Fabric: 65% Polyester 35% Cotton.; Features: Unisex reversible scrubs specifically designed for commercial laundromats.,Chest pocket and back pant pocket on both sides of the garment.,Colour coded size pips and RFID chip placement suitability.,All trims and fabric suitable for most industrial washing processes.; ",CSP151UL_Talent_MidnightNavy_02.jpg,CSP151UL_Talent_MidnightNavy_02.jpg;CSP151UL_bProduct_MidnightNavy_02_bwcIBj2.jpg;CSP151UL_bProduct_MidnightNavy_03_ouv5WAD.jpg;CSP151UL_bProduct_MidnightNavy_01_DGJag8B.jpg;CSP151UL_bProduct_DarkBlue_01_MPRTBCd.jpg;CSP151UL_bProduct_DarkBlue_02_3ckC9ny.jpg;CSP151UL_bProduct_DarkBlue_03_PKM1JZ7.jpg;CSP151UL_bProduct_Black_01_bd6vysL.jpg;CSP151UL_bProduct_Black_03_9ANxmKD.jpg;CSP151UL_bProduct_Black_02_MBx8Wsi.jpg,normal
CSP241LL,Pink,2XL;3XL;L;M;S;XS;XXS;XL,scrubs;scrub pants;Polyester;aged care;allied health;nursing;dentistry;carers;veterinary;pink;pink products;female;healthwear;scrub pant,Womens Pink Jogger Scrub Pant,"{'sizes': 'XXS – 3XL', 'fabric': ['77% Recycled Polyester 19% Viscose 4% Elastane', 'Conscious product choice, with 77% made from post-consumer recycled polyester. This includes recycled plastic bottles, used clothing, and other polyester materials collected from waste or landfills.', 'Easy-care, wash and wear performance fabric for the most demanding of environments.', 'Suitable for warmer climates.', 'Soft against the skin - camisoles/t-shirts underneath is not required.'], 'features': ['Modern jogger pant style, with dyed to match cuff trim', 'Internal draw cord in light pink', '2 Waist side pockets, 1 back pocket, 1 cargo pocket', 'Pink Ribbon embroidery on cargo pocket', 'Cut the pink ribbon on the drawcord, and use the safety pin attached to the swing ticket to create a ribbon pin for another piece of clothing or even for your work bag']}","Sizes: XXS  3XL; Fabric: 77% Recycled Polyester 19% Viscose 4% Elastane,Conscious product choice, with 77% made from post-consumer recycled polyester. This includes recycled plastic bottles, used clothing, and other polyester materials collected from waste or landfills.,Easy-care, wash and wear performance fabric for the most demanding of environments.,Suitable for warmer climates.,Soft against the skin - camisoles/t-shirts underneath is not required.; Features: Modern jogger pant style, with dyed to match cuff trim,Internal draw cord in light pink,2 Waist side pockets, 1 back pocket, 1 cargo pocket,Pink Ribbon embroidery on cargo pocket,Cut the pink ribbon on the drawcord, and use the safety pin attached to the swing ticket to create a ribbon pin for another piece of clothing or even for your work bag; ",CSP241LL_Product_Pink_02.jpg,CSP241LL_Product_Pink_02.jpg;CSP241LL_Product_Pink_01.jpg;CSP241LL_Talent_Pink_02_hp55NvA.jpg,normal
CSP244LL,Midnight Navy;Black,2XL;3XL;L;M;S;XL;XS,medical;beauty;pharmaceutical;scrubs;scrub pants;maternity;cotton;polyester;aged care;allied health;nursing;dentistry;carers;veterinary;female;scrub maternity;healthwear;scrub pant;rose;plus size,Womens Rose Maternity Scrub Pant,"{'sizes': 'XS - 3XL.', 'fabric': ['Main: 52% Cotton 45% Polyester 3% Elastane with SILVERPLUS® antibacterial treatment.', 'Stretch panels: 1x1 Rib - 93% Cotton 7% Elastane with SILVERPLUS® antibacterial treatment.'], 'features': ['Cotton-rich fabric that feels incredibly soft against the skin, but durable enough for the demands of healthcare.', 'With added antibacterial protection and stretch.']}","Sizes: XS - 3XL.; Fabric: Main: 52% Cotton 45% Polyester 3% Elastane with SILVERPLUS antibacterial treatment.,Stretch panels: 1x1 Rib - 93% Cotton 7% Elastane with SILVERPLUS antibacterial treatment.; Features: Cotton-rich fabric that feels incredibly soft against the skin, but durable enough for the demands of healthcare.,With added antibacterial protection and stretch.; ",CSP244LL_Talent_MidnightNavy_01_4auDWV1.jpg,CSP244LL_Talent_MidnightNavy_01_4auDWV1.jpg;CSP244LL_bProduct_MidnightNavy_02_kV4Bo3v.jpg;CSP244LL_bProduct_MidnightNavy_01_dIm9Yns.jpg;CSP244LL_bProduct_Black_01_PFqweIy.jpg;CSP244LL_bProduct_Black_02_E91rkk8.jpg,normal
CSP943LL,Teal;Black;Midnight Navy;Navy;Electric Blue;Charcoal;Burgundy,2XL;3XL;L;M;S;XL;XS;XXS,medical;scrub pants;aged care;nursing;dentistry;carers;veterinary;allied health;female;women;polyester;elastane;scrubs;healthwear;scrub pant;avery,Womens Avery Slim Leg Scrub Pant,"{'sizes': 'XXS - 3XL.', 'fabric': ['96% Polyester 4% Elastane.'], 'features': ['Avery scrubs are anything but your typical pair of scrubs!', 'Soft, durable and more comfortable than your favourite pair of pajamas.', 'Designed with attention to detail; functional, responsive, easy-care and durable.']}","Sizes: XXS - 3XL.; Fabric: 96% Polyester 4% Elastane.; Features: Avery scrubs are anything but your typical pair of scrubs!,Soft, durable and more comfortable than your favourite pair of pajamas.,Designed with attention to detail; functional, responsive, easy-care and durable.; ",CSP943LL_bProduct_Teal_01_WTg4Vsx.jpg,CSP943LL_bProduct_Teal_01_WTg4Vsx.jpg;CSP943LL_bProduct_Teal_02_otti7OI.jpg;CSP943LL_bProduct_Black_01_8YlHhOw.jpg;CSP943LL_bProduct_Black_02_OzhPhxf.jpg;CSP943LL_bProduct_MidnightNavy_01_Yl2Z9NU.jpg;CSP943LL_bProduct_MidnightNavy_02_6ykYk6A.jpg;CSP943LL_Talent_Navy_04.jpg;CSP943LL_bProduct_Navy_02_qHop3oX.jpg;CSP943LL_bProduct_Navy_01_hnQqcaC.jpg;CSP943LL_bProduct_ElectricBlue_01_B7Qmv2J.jpg;CSP943LL_bProduct_ElectricBlue_02_sEBZL6T.jpg;CSP943LL_bProduct_Charcoal_01_t2ZXUDq.jpg;CSP943LL_bProduct_Charcoal_02_haqnAT4.jpg;CSP943LL_bProduct_Burgundy_01_yuBj4BR.jpg;CSP943LL_bProduct_Burgundy_02_Zt307FF.jpg,normal
CSP944LL,Navy;Teal;Charcoal;Black;Burgundy;Electric Blue;Midnight Navy,S;M;L;XL;2XL;4XL;5XL;3XL,medical;scrub pants;aged care;nursing;dentistry;carers;veterinary;allied health;female;women;polyester;elastane;scrubs;healthwear;scrub pant;avery,Womens Avery Straight Leg Scrub Pant,"{'sizes': 'S - 5XL.', 'fabric': ['96% Polyester 4% Elastane.'], 'features': ['Avery scrubs are anything but your typical pair of scrubs!', 'Soft, durable and more comfortable than your favourite pair of pajamas.', 'Designed with attention to detail; functional, responsive, easy-care and durable.']}","Sizes: S - 5XL.; Fabric: 96% Polyester 4% Elastane.; Features: Avery scrubs are anything but your typical pair of scrubs!,Soft, durable and more comfortable than your favourite pair of pajamas.,Designed with attention to detail; functional, responsive, easy-care and durable.; ",CSP944LL_Talent_Navy_01.jpg,CSP944LL_Talent_Navy_01.jpg;CSP944LL_bProduct_Navy_02_gUBBhER.jpg;CSP944LL_bProduct_Navy_01_j0cYr3S.jpg;CSP944LL_bProduct_Teal_01_eaTOXRy.jpg;CSP944LL_bProduct_Teal_02_pWdr9RE.jpg;CSP944LL_bProduct_Charcoal_01_AJDJC2S.jpg;CSP944LL_bProduct_Charcoal_02_IDk9cOl.jpg;CSP944LL_bProduct_Black_01_wGPvpui.jpg;CSP944LL_bProduct_Black_02_TomD0Y5.jpg;CSP944LL_bProduct_Burgundy_01_dBN2P8V.jpg;CSP944LL_bProduct_Burgundy_02_y8m8UYk.jpg;CSP944LL_bProduct_ElectricBlue_01_KKoXqKc.jpg;CSP944LL_bProduct_ElectricBlue_02_JokUMQa.jpg;CSP944LL_bProduct_MidnightNavy_01_spjJz62.jpg;CSP944LL_bProduct_MidnightNavy_02_rGRBalf.jpg,normal
CSP946ML,Black;Teal;Charcoal;Electric Blue;Navy;Midnight Navy;Burgundy,2XL;3XL;4XL;5XL;L;M;S;XL;XS,medical;scrubs;scrub pants;aged care;nursing;dentistry;carers;veterinary;allied health;male;polyester;elastane;healthwear;scrub pant;avery,Mens Avery Straight Leg Scrub Pant,"{'sizes': 'XS - 5XL.', 'fabric': ['96% Polyester 4% Elastane.'], 'features': ['Avery scrubs are anything but your typical pair of scrubs!', 'Soft, durable and more comfortable than your favourite pair of pajamas.', 'Designed with attention to detail; functional, responsive, easy-care and durable.']}","Sizes: XS - 5XL.; Fabric: 96% Polyester 4% Elastane.; Features: Avery scrubs are anything but your typical pair of scrubs!,Soft, durable and more comfortable than your favourite pair of pajamas.,Designed with attention to detail; functional, responsive, easy-care and durable.; ",CSP946ML_bProduct_Black_01_HBO49so.jpg,CSP946ML_bProduct_Black_01_HBO49so.jpg;CSP946ML_bProduct_Black_02_r7EzC80.jpg;CSP946ML_bProduct_Teal_01_qMvlNME.jpg;CSP946ML_bProduct_Teal_02_kMWYz7e.jpg;CSP946ML_bProduct_Charcoal_02_H0aPMCL.jpg;CSP946ML_bProduct_Charcoal_01_k93HReO.jpg;CSP946ML_Talent_ElectricBlue_02.jpg;CSP946ML_bProduct_ElectricBlue_02_RxsU0W2.jpg;CSP946ML_bProduct_ElectricBlue_01_Fu81k7N.jpg;CSP946ML_bProduct_Navy_01_J418Bw4.jpg;CSP946ML_bProduct_Navy_02_xnsMuqH.jpg;CSP946ML_bProduct_MidnightNavy_01_LGmLZf3.jpg;CSP946ML_bProduct_MidnightNavy_02_PMyCfZO.jpg;CSP946ML_bProduct_Burgundy_02_yQ7yU2A.jpg;CSP946ML_bProduct_Burgundy_01_3utrfB1.jpg,normal
CST043LS,Teal;Purple;Black;Midnight Navy;Electric Blue,XXS;XS;S;M;L;XL;2XL;3XL,medical;short sleeve;female;womens;scrubs;scrub tops;cotton;polyester;aged care;allied health;nursing;dentistry;carers;veterinary;healthwear;scrub top;riley,Womens Riley Stretch Scrub Top,"{'sizes': 'XXS - 3XL.', 'fabric': ['Main: 52% Cotton 45% Polyester 3% Elastane.', 'Stretch panels: 88% Polyester 12% Elastane with antibacterial treatment.'], 'features': ['Inspired by athleisure and expertly designed to take you through the longest of shifts in comfort.', 'Cotton-rich fabric that feels incredibly soft against the skin, but durable enough for the demands of healthcare.']}","Sizes: XXS - 3XL.; Fabric: Main: 52% Cotton 45% Polyester 3% Elastane.,Stretch panels: 88% Polyester 12% Elastane with antibacterial treatment.; Features: Inspired by athleisure and expertly designed to take you through the longest of shifts in comfort.,Cotton-rich fabric that feels incredibly soft against the skin, but durable enough for the demands of healthcare.; ",CST043LS_bProduct_Teal_01_fHHFBLa.jpg,CST043LS_bProduct_Teal_01_fHHFBLa.jpg;CST043LS_bProduct_Teal_02_SWKoroL.jpg;CST043LS_bProduct_Purple_01_KiJZVsC.jpg;CST043LS_bProduct_Purple_02_AaLUeld.jpg;CST043LS_bProduct_Black_01_ktehRxk.jpg;CST043LS_bProduct_Black_02_yiZkYEA.jpg;CST043LS_Talent_MidnightNavy_06.jpg;CST043LS_bProduct_MidnightNavy_02_8k2fi3F.jpg;CST043LS_bProduct_MidnightNavy_01_V0nFeOM.jpg;CST043LS_bProduct_ElectricBlue_01_oEQO8fP.jpg;CST043LS_bProduct_ElectricBlue_02_5oVq8c6.jpg,normal
CST043MS,Electric Blue;Purple;Teal;Midnight Navy;Black,XS;M;L;XL;2XL;3XL;4XL;5XL;S,medical;scrub tops;short sleeve;male;mens;scrubs;cotton;polyester;elastane;aged care;allied health;nursing;dentistry;carers;veterinary;healthwear;scrub top;riley,Mens Riley Stretch Scrub Top,"{'sizes': 'XS - 5XL.', 'fabric': ['Main: 52% Cotton 45% Polyester 3% Elastane.', 'Stretch panels: 88% Polyester 12% Elastane with antibacterial treatment.'], 'features': ['Inspired by athleisure and expertly designed to take you through the longest of shifts in comfort.', 'Cotton-rich fabric that feels incredibly soft against the skin, but durable enough for the demands of healthcare.']}","Sizes: XS - 5XL.; Fabric: Main: 52% Cotton 45% Polyester 3% Elastane.,Stretch panels: 88% Polyester 12% Elastane with antibacterial treatment.; Features: Inspired by athleisure and expertly designed to take you through the longest of shifts in comfort.,Cotton-rich fabric that feels incredibly soft against the skin, but durable enough for the demands of healthcare.; ",CST043MS_bProduct_ElectricBlue_01_KLNUGNe.jpg,CST043MS_bProduct_ElectricBlue_01_KLNUGNe.jpg;CST043MS_bProduct_ElectricBlue_02_RABRRCO.jpg;CST043MS_bProduct_Purple_01_t8gs8jn.jpg;CST043MS_bProduct_Purple_02_7Gxj5gi.jpg;CST043MS_bProduct_Teal_01_UkwAQAL.jpg;CST043MS_bProduct_Teal_02_pA7haTu.jpg;CST043MS_Talent_MidnightNavy_04.jpg;CST043MS_bProduct_MidnightNavy_02_7ePqR8u.jpg;CST043MS_bProduct_MidnightNavy_01_FUrmsZB.jpg;CST043MS_bProduct_Black_01_CTPU8lK.jpg;CST043MS_bProduct_Black_02_0geNKBm.jpg,normal
CST141LS,Midnight Navy;Charcoal;Royal;Black,2XL;3XL;5XL;L;M;S;XL;XS;XXS,scrubs;scrub tops;aged care;allied health;nursing;dentistry;carers;veterinary;cotton;polyester;health;healthwear;scrub top;tokyo,Womens Tokyo Scrub Top,"{'sizes': 'XXS - 3XL, 5XL.', 'fabric': ['60% Cotton 40% Polyester with antibacterial treatment.'], 'features': ['A Cotton rich scrub range that is perfect for every body, every function, every day.', 'Treated with SILVERPLUS®, an antimicrobial technology that provides body odour control.', 'Multiple pockets located on the scrub top and  ID badge loop on left side shoulder seam.', 'Traditional V-neck scrub top style in a slightly tailored fit.']}","Sizes: XXS - 3XL, 5XL.; Fabric: 60% Cotton 40% Polyester with antibacterial treatment.; Features: A Cotton rich scrub range that is perfect for every body, every function, every day.,Treated with SILVERPLUS, an antimicrobial technology that provides body odour control.,Multiple pockets located on the scrub top and  ID badge loop on left side shoulder seam.,Traditional V-neck scrub top style in a slightly tailored fit.; ",CST141LS_Talent_MidnightNavy_01.jpg,CST141LS_Talent_MidnightNavy_01.jpg;CST141LS_bProduct_MidnightNavy_02_zByVF96.jpg;CST141LS_bProduct_MidnightNavy_01_vNowzZ7.jpg;CST141LS_bProduct_Charcoal_01_sqIrv6E.jpg;CST141LS_bProduct_Charcoal_02_CQfX6SV.jpg;CST141LS_bProduct_Royal_01_Uid9xWw.jpg;CST141LS_bProduct_Royal_02_svaqohs.jpg;CST141LS_bProduct_Black_01_05qjX8X.jpg;CST141LS_bProduct_Black_02_63STxUh.jpg,normal
CST141MS,Midnight Navy;Black;Royal;Charcoal,2XL;3XL;5XL;L;M;S;XL;XS;XXS,scrubs;scrub tops;aged care;allied health;nursing;dentistry;carers;veterinary;cotton;polyester;health;healthwear;scrub top;tokyo,Mens Tokyo Scrub Top,"{'sizes': 'XXS - 3XL, 5XL.', 'fabric': ['60% Cotton 40% Polyester with antibacterial treatment.'], 'features': ['A Cotton rich scrub range that is perfect for every body, every function, every day.', 'Treated with SILVERPLUS®, an antimicrobial technology that provides body odour control.', 'Multiple pockets located on the scrub top and ID badge loop on left side shoulder seam.', 'Traditional V-neck scrub top style in a slightly tailored fit.']}","Sizes: XXS - 3XL, 5XL.; Fabric: 60% Cotton 40% Polyester with antibacterial treatment.; Features: A Cotton rich scrub range that is perfect for every body, every function, every day.,Treated with SILVERPLUS, an antimicrobial technology that provides body odour control.,Multiple pockets located on the scrub top and ID badge loop on left side shoulder seam.,Traditional V-neck scrub top style in a slightly tailored fit.; ",CST141MS_Talent_MidnightNavy_03.jpg,CST141MS_Talent_MidnightNavy_03.jpg;CST141MS_bProduct_MidnightNavy_02_wMHC3iu.jpg;CST141MS_bProduct_MidnightNavy_01_s977y0r.jpg;CST141MS_bProduct_Black_01_7i5vyfj.jpg;CST141MS_bProduct_Black_02_tvDpJxx.jpg;CST141MS_bProduct_Royal_02_XgMZohU.jpg;CST141MS_bProduct_Royal_01_ioLVz3n.jpg;CST141MS_bProduct_Charcoal_01_Ro6W0Xi.jpg;CST141MS_bProduct_Charcoal_02_pn3FWD5.jpg,normal
CST150US,Black;Dark Blue;Midnight Navy,3XL;4XL;5XL;L;M;S;XL;XS;XXS;6XL;2XL,scrubs;scrub tops;aged care;allied health;nursing;dentistry;carers;veterinary;cotton;polyester;health;healthwear;scrub top;hartwell,Unisex Hartwell Reversible Scrub Top,"{'sizes': 'XXS – 5XL (6XL available in Dark Blue only).', 'fabric': ['65% Polyester 35% Cotton.'], 'features': ['Unisex reversible scrubs specifically designed for commercial laundromats.', 'Chest pocket and back pant pocket on both sides of the garment.', 'Colour coded size pips and RFID chip placement suitability.', 'All trims and fabric suitable for most industrial washing processes.']}","Sizes: XXS  5XL (6XL available in Dark Blue only).; Fabric: 65% Polyester 35% Cotton.; Features: Unisex reversible scrubs specifically designed for commercial laundromats.,Chest pocket and back pant pocket on both sides of the garment.,Colour coded size pips and RFID chip placement suitability.,All trims and fabric suitable for most industrial washing processes.; ",CST150US_bProduct_Black_02_tf1GmuF.jpg,CST150US_bProduct_Black_02_tf1GmuF.jpg;CST150US_bProduct_Black_03_m6WxO2n.jpg;CST150US_bProduct_Black_01_nKPUmS1.jpg;CST150US_Talent_DarkBlue_02.jpg;CST150US_bProduct_DarkBlue_03_hCfzum7.jpg;CST150US_bProduct_DarkBlue_02_lxXE53S.jpg;CST150US_bProduct_DarkBlue_01_jdSGZg4.jpg;CST150US_bProduct_MidnightNavy_01_c38wJOF.jpg;CST150US_bProduct_MidnightNavy_03_5rF1Wpc.jpg;CST150US_bProduct_MidnightNavy_02_3YkAGO0.jpg,normal
CST152LS,Midnight Navy,XS;M;L;XL;2XL;3XL;4XL;5XL;S,scrubs;scrub tops;cotton;easter scrubs,Womens Easter V-Neck Short Sleeve Scrub Top,"{'sizes': 'XS - 5XL.', 'fabric': ['100% Cotton.'], 'features': ['Classic V neck design.', 'Relaxed fit.', 'Two front pockets.', 'Side splits.']}","Sizes: XS - 5XL.; Fabric: 100% Cotton.; Features: Classic V neck design.,Relaxed fit.,Two front pockets.,Side splits.; ",CST152LS_Talent_MidnightNavy_01_FS_FWxSjSI.jpg,CST152LS_Talent_MidnightNavy_01_FS_FWxSjSI.jpg,normal
CST152MS,Midnight Navy,L;XL;2XL;3XL;4XL;5XL;S;M,scrubs;scrub tops;cotton;easter scrubs,Mens Easter V-Neck Short Sleeve Scrub Top,"{'sizes': 'S - 5XL.', 'fabric': ['100% Cotton.'], 'features': ['Classic V neck design.', 'Relaxed fit.', 'Two front pockets.', 'Chest pocket.', 'Side splits.']}","Sizes: S - 5XL.; Fabric: 100% Cotton.; Features: Classic V neck design.,Relaxed fit.,Two front pockets.,Chest pocket.,Side splits.; ",CST152MS_Talent_MidnightNavy_01_FS_mr1spGW.jpg,CST152MS_Talent_MidnightNavy_01_FS_mr1spGW.jpg,normal
CST240LS,Black;Midnight Navy,2XL;3XL;L;M;S;XL;XS;XXS,medical;beauty;scrubs;scrub tops;tops;cotton;polyester;aged care;allied health;nursing;dentistry;carers;veterinary;female;healthwear;scrub top;parks,Womens Parks Zip Front Crossover Scrub Top,"{'sizes': 'XXS - 3XL.', 'fabric': ['52% Cotton 45% Polyester 3% Elastane with SILVERPLUS® antibacterial treatment.'], 'features': ['Cotton-rich fabric with added antibacterial protection and stretch.', 'Full zip front removes the need for overhead removal.', 'Match tops with Riley lowers, or wear with any functional lowers.', 'Suitable for all health and beauty professionals.']}","Sizes: XXS - 3XL.; Fabric: 52% Cotton 45% Polyester 3% Elastane with SILVERPLUS antibacterial treatment.; Features: Cotton-rich fabric with added antibacterial protection and stretch.,Full zip front removes the need for overhead removal.,Match tops with Riley lowers, or wear with any functional lowers.,Suitable for all health and beauty professionals.; ",CST240LS_bProduct_Black_02_BYJWO85.jpg,CST240LS_bProduct_Black_02_BYJWO85.jpg;CST240LS_bProduct_Black_01_PH9u4OW.jpg;CST240LS_Talent_MidnightNavy_01.jpg;CST240LS_bProduct_MidnightNavy_02_N0Jvgoy.jpg;CST240LS_bProduct_MidnightNavy_01_onu1C0r.jpg,normal
CST243LS,Black;Midnight Navy,2XL;3XL;L;M;S;XL;XS,medical;beauty;pharmaceutical;dentistry;scrubs;scrub tops;maternity;cotton;polyester;aged care;allied health;nursing;dentistry;carers;veterinary;female;scrub maternity;healthwear;scrub top;rose;plus size,Womens Rose Tunic Scrub Top,"{'sizes': 'XS - 3XL.', 'fabric': ['Main: 52% Cotton 45% Polyester 3% Elastane with SILVERPLUS® antibacterial treatment.', 'Stretch panels: 1x1 Rib - 93% Cotton 7% Elastane with SILVERPLUS® antibacterial treatment.'], 'features': ['Cotton-rich fabric that feels incredibly soft against the skin, but durable enough for the demands of healthcare.', 'With added antibacterial protection and stretch.', 'Rose tunic can be worn as a maternity scrub top or as a relaxed fit tunic scrub top.']}","Sizes: XS - 3XL.; Fabric: Main: 52% Cotton 45% Polyester 3% Elastane with SILVERPLUS antibacterial treatment.,Stretch panels: 1x1 Rib - 93% Cotton 7% Elastane with SILVERPLUS antibacterial treatment.; Features: Cotton-rich fabric that feels incredibly soft against the skin, but durable enough for the demands of healthcare.,With added antibacterial protection and stretch.,Rose tunic can be worn as a maternity scrub top or as a relaxed fit tunic scrub top.; ",CST243LS_Talent_Black_02.jpg,CST243LS_Talent_Black_02.jpg;CST243LS_bProduct_Black_02_RPQtF2L.jpg;CST243LS_bProduct_Black_01_AFc8U1N.jpg;CST243LS_bProduct_MidnightNavy_02_XmJpqVc.jpg;CST243LS_bProduct_MidnightNavy_01_PUXi4hG.jpg,normal
CST245LS,Pink,2XL;3XL;L;M;S;XL;XS;XXS,scrubs;scrub tops;Polyester;aged care;allied health;nursing;dentistry;carers;veterinary;pink;pink products;female;healthwear;scrub top,Womens Pink V-Neck Scrub Top,"{'sizes': 'XXS – 3XL', 'fabric': ['77% Recycled Polyester 19% Viscose 4% Elastane', 'Conscious product choice, with 77% made from post-consumer recycled polyester. This includes recycled plastic bottles, used clothing, and other polyester materials collected from waste or landfills.', 'Easy-care, wash and wear performance fabric for the most demanding of environments.', 'Suitable for warmer climates.', 'Soft against the skin - camisoles/t-shirts underneath is not required.'], 'features': ['2 Hem pockets', 'Pink Ribbon embroidery on right hand sleeve', 'All stress points bar-tacked', 'Utility loop on left shoulder', 'Functional side splits to allow easy access into pant pockets and movement', 'Straight front and back hem ', ' Modest v-neckline ']}","Sizes: XXS  3XL; Fabric: 77% Recycled Polyester 19% Viscose 4% Elastane,Conscious product choice, with 77% made from post-consumer recycled polyester. This includes recycled plastic bottles, used clothing, and other polyester materials collected from waste or landfills.,Easy-care, wash and wear performance fabric for the most demanding of environments.,Suitable for warmer climates.,Soft against the skin - camisoles/t-shirts underneath is not required.; Features: 2 Hem pockets,Pink Ribbon embroidery on right hand sleeve,All stress points bar-tacked,Utility loop on left shoulder,Functional side splits to allow easy access into pant pockets and movement,Straight front and back hem , Modest v-neckline ; ",CST245LS_Product_Pink_01.jpg,CST245LS_Product_Pink_01.jpg;CST245LS_Product_Pink_02.jpg;CST245LS_Talent_Pink_17_A1AAqYn.jpg,normal
CST250US,Pink,3XL;4XL;5XL;6XL;L;M;S;XL;XS;XXS;2XL,scrubs;scrub tops;Polyester;aged care;allied health;nursing;dentistry;carers;veterinary;unisex;pink;pink products;healthwear;scrub top,Unisex Pink V-Neck Scrub Top,"{'sizes': 'XXS-6XL.', 'fabric': ['96% Polyester 4% Elastane.'], 'features': ['PINK scrubs are made from our most popular fabric AVERY. Soft, durable and more comfortable than your favourite pair of pyjamas.', ' Designed with attention to detail; functional, responsive, easy-care and durable.', 'Style features: left side chest pocket, 2 lower patch pockets, shoulder loop.', 'Style is designed to be a unisex fit, we recommend you size down for a more fitted look.', 'With each unit  sold, Biz Care will donate $5 to National Breast Cancer Foundation.']}","Sizes: XXS-6XL.; Fabric: 96% Polyester 4% Elastane.; Features: PINK scrubs are made from our most popular fabric AVERY. Soft, durable and more comfortable than your favourite pair of pyjamas., Designed with attention to detail; functional, responsive, easy-care and durable.,Style features: left side chest pocket, 2 lower patch pockets, shoulder loop.,Style is designed to be a unisex fit, we recommend you size down for a more fitted look.,With each unit  sold, Biz Care will donate $5 to National Breast Cancer Foundation.; ",CST250US_Product_Pink_02.jpg,CST250US_Product_Pink_02.jpg;CST250US_Product_Pink_01.jpg;CST250US_Talent_Pink_01_FS_N13R6UC.jpg,normal
CST313LS,Pink,10;12;14;20;22;24;6;8;18;16,Polyester;aged care;allied health;nursing;dentistry;carers;veterinary;pink;pink products;female;polos,Womens Pink Short Sleeve Polo,"{'sizes': '6 - 24', 'fabric': ['80% Polyester 20% BIZ COOL™ Breathable Cotton-backed Pique, 185 GSM', 'Breathable pique knit with cotton inside, feels cool and comfortable.'], 'features': ['Modern, tailored polo, suitable for most industries', 'Can be worn with chinos, jeans or suit lowers', 'Pink Ribbon embroidery on right hand side sleeve cuff', 'Knitted rib collar and ½ knitted sleeve cuff with contrast stripe highlights your logo', 'Button through piping placket', 'No loose pocket']}","Sizes: 6 - 24; Fabric: 80% Polyester 20% BIZ COOL Breathable Cotton-backed Pique, 185 GSM,Breathable pique knit with cotton inside, feels cool and comfortable.; Features: Modern, tailored polo, suitable for most industries,Can be worn with chinos, jeans or suit lowers,Pink Ribbon embroidery on right hand side sleeve cuff,Knitted rib collar and  knitted sleeve cuff with contrast stripe highlights your logo,Button through piping placket,No loose pocket; ",CST313LS_Product_Pink_02.jpg,CST313LS_Product_Pink_02.jpg;CST313LS_Product_Pink_01.jpg,normal
CST313MS,Pink,2XL;3XL;4XL;5XL;L;M;S;XL;XS,Polyester;aged care;allied health;nursing;dentistry;carers;veterinary;pink;pink products;male;polos,Mens Pink Short Sleeve Polo,"{'sizes': 'XS – 5XL', 'fabric': ['80% Polyester 20% BIZ COOL™ Breathable Cotton-backed Pique, 185 GSM', 'Breathable pique knit with cotton inside, feels cool and comfortable.'], 'features': ['Modern, tailored polo, suitable for most industries', 'Can be worn with chinos, jeans or suit lowers', 'Pink Ribbon embroidery on right hand side sleeve cuff', 'Knitted rib collar and ½ knitted sleeve cuff with contrast stripe highlights your logo', 'Button through piping placket', 'Mens style includes loose pocket']}","Sizes: XS  5XL; Fabric: 80% Polyester 20% BIZ COOL Breathable Cotton-backed Pique, 185 GSM,Breathable pique knit with cotton inside, feels cool and comfortable.; Features: Modern, tailored polo, suitable for most industries,Can be worn with chinos, jeans or suit lowers,Pink Ribbon embroidery on right hand side sleeve cuff,Knitted rib collar and  knitted sleeve cuff with contrast stripe highlights your logo,Button through piping placket,Mens style includes loose pocket; ",CST313MS_Product_Pink_02.jpg,CST313MS_Product_Pink_02.jpg;CST313MS_Product_Pink_01.jpg,normal
CST941LS,Navy;Charcoal;Midnight Navy;Black;Teal;Electric Blue;Burgundy,2XL;3XL;4XL;5XL;L;M;S;XL;XS,medical;aged care;nursing;dentistry;carers;veterinary;allied health;female;women;short sleeve;polyester;elastane;scrubs;scrub tops;healthwear;scrub top;avery,Womens Avery V-Neck Scrub Top,"{'sizes': 'XS - 5XL.', 'fabric': ['96% Polyester 4% Elastane.'], 'features': ['Avery scrubs are anything but your typical pair of scrubs!', 'Soft, durable and more comfortable than your favourite pair of pajamas.', 'Designed with attention to detail; functional, responsive, easy-care and durable.']}","Sizes: XS - 5XL.; Fabric: 96% Polyester 4% Elastane.; Features: Avery scrubs are anything but your typical pair of scrubs!,Soft, durable and more comfortable than your favourite pair of pajamas.,Designed with attention to detail; functional, responsive, easy-care and durable.; ",CST941LS_Talent_Navy_01.jpg,CST941LS_Talent_Navy_01.jpg;CST941LS_bProduct_Navy_02_LbDRQlv.jpg;CST941LS_bProduct_Navy_01_ES7YuyG.jpg;CST941LS_bProduct_Charcoal_01_HWCGTVU.jpg;CST941LS_bProduct_Charcoal_02_tbAnRiV.jpg;CST941LS_bProduct_MidnightNavy_01_yEL0vWb.jpg;CST941LS_bProduct_MidnightNavy_02_yyYvaXv.jpg;CST941LS_bProduct_Black_01_bygxmxa.jpg;CST941LS_bProduct_Black_02_LCB58v3.jpg;CST941LS_bProduct_Teal_01_rOGORWr.jpg;CST941LS_bProduct_Teal_02_JgBXAYm.jpg;CST941LS_bProduct_ElectricBlue_01_xt9607u.jpg;CST941LS_bProduct_ElectricBlue_02_ZRq1r3I.jpg;CST941LS_bProduct_Burgundy_03_bXAnFZn.jpg;CST941LS_bProduct_Burgundy_02_KCkqt5x.jpg,normal
CST942LS,Charcoal;Electric Blue;Midnight Navy;Navy;Teal;Black;Burgundy,2XL;3XL;4XL;L;M;S;XL;XS;XXS;5XL,medical;aged care;nursing;dentistry;carers;veterinary;allied health;female;women;short sleeve;polyester;elastane;scrubs;scrub tops;healthwear;scrub top;avery,Womens Avery Round Neck Scrub Top,"{'sizes': 'XXS - 5XL.', 'fabric': ['96% Polyester 4% Elastane.'], 'features': ['Avery scrubs are anything but your typical pair of scrubs!', 'Soft, durable and more comfortable than your favourite pair of pajamas.', 'Designed with attention to detail; functional, responsive, easy-care and durable.']}","Sizes: XXS - 5XL.; Fabric: 96% Polyester 4% Elastane.; Features: Avery scrubs are anything but your typical pair of scrubs!,Soft, durable and more comfortable than your favourite pair of pajamas.,Designed with attention to detail; functional, responsive, easy-care and durable.; ",CST942LS_bProduct_Charcoal_01_fKi6Lyq.jpg,CST942LS_bProduct_Charcoal_01_fKi6Lyq.jpg;CST942LS_bProduct_Charcoal_02_XuU4rAt.jpg;CST942LS_bProduct_ElectricBlue_01_ZjS5QYc.jpg;CST942LS_bProduct_ElectricBlue_02_cJPGpi1.jpg;CST942LS_bProduct_MidnightNavy_01_e8O2Bkf.jpg;CST942LS_bProduct_MidnightNavy_02_PQMednn.jpg;CST942LS_bProduct_Navy_01_s6O948B.jpg;CST942LS_bProduct_Navy_02_CCV0pE8.jpg;CST942LS_Talent_Teal_01_MSpYKDJ.jpg;CST942LS_bProduct_Teal_02_SHF28TW.jpg;CST942LS_bProduct_Teal_01_EBITW82.jpg;CST942LS_bProduct_Black_01_nouKCrI.jpg;CST942LS_bProduct_Black_02_b0VbGuY.jpg;CST942LS_bProduct_Burgundy_01_7IAlExN.jpg;CST942LS_bProduct_Burgundy_02_gkN1RhD.jpg,normal
CST945MS,Teal;Black;Navy;Midnight Navy;Charcoal;Burgundy;Electric Blue,XS;S;M;L;XL;2XL;3XL;4XL;5XL,medical;scrub tops;aged care;nursing;dentistry;carers;veterinary;allied health;male;short sleeve;polyester;elastane;scrubs;healthwear;scrub top;avery,Mens Avery V-Neck Scrub Top,"{'sizes': 'XS - 5XL.', 'fabric': ['96% Polyester 4% Elastane.'], 'features': ['Avery scrubs are anything but your typical pair of scrubs!', 'Soft, durable and more comfortable than your favourite pair of pajamas.', 'Designed with attention to detail; functional, responsive, easy-care and durable.']}","Sizes: XS - 5XL.; Fabric: 96% Polyester 4% Elastane.; Features: Avery scrubs are anything but your typical pair of scrubs!,Soft, durable and more comfortable than your favourite pair of pajamas.,Designed with attention to detail; functional, responsive, easy-care and durable.; ",CST945MS_bProduct_Teal_01_QPzvjxn.jpg,CST945MS_bProduct_Teal_01_QPzvjxn.jpg;CST945MS_bProduct_Teal_02_OrkRJUn.jpg;CST945MS_bProduct_Black_01_vOZAl4P.jpg;CST945MS_bProduct_Black_02_LnRzi62.jpg;CST945MS_bProduct_Navy_01_7Xryvrl.jpg;CST945MS_bProduct_Navy_02_i8w4TBe.jpg;CST945MS_bProduct_MidnightNavy_01_31uFTTk.jpg;CST945MS_bProduct_MidnightNavy_02_32QAcb4.jpg;CST945MS_Talent_Charcoal_01.jpg;CST945MS_bProduct_Charcoal_02_4cNVvPy.jpg;CST945MS_bProduct_Charcoal_01_voy3vYT.jpg;CST945MS_bProduct_Burgundy_01_hquqZFk.jpg;CST945MS_bProduct_Burgundy_02_hhncxBY.jpg;CST945MS_bProduct_ElectricBlue_01_L5oSCSw.jpg;CST945MS_bProduct_ElectricBlue_02_tzNqa6A.jpg,normal
CT247LL,Black;White;Midnight Navy,3XL;L;M;S;XL;XS;2XL,medical;beauty;early learning;pharmaceutical;underscrubs;long sleeve tee;tee;long sleeve;aged care;allied health;nursing;dentistry;carers;veterinary;female;t-tops;tees;T-Tops,Womens Performance Long Sleeve Tee,"{'sizes': 'XS – 3XL.', 'fabric': ['95% Cotton, 5% Elastane with antibacterial and odour protection.'], 'features': ['The perfect Tee that can be worn as under-scrub or on its own.', 'Made from soft cotton treated with Silverplus® antibacterial protection.', 'Added stretch allows for extra movement and comfort.', 'Designed to sit closer to the body.']}","Sizes: XS  3XL.; Fabric: 95% Cotton, 5% Elastane with antibacterial and odour protection.; Features: The perfect Tee that can be worn as under-scrub or on its own.,Made from soft cotton treated with Silverplus antibacterial protection.,Added stretch allows for extra movement and comfort.,Designed to sit closer to the body.; ",CT247LL_bProduct_Black_01_q2kkZjF.jpg,CT247LL_bProduct_Black_01_q2kkZjF.jpg;CT247LL_bProduct_Black_02_bJJdDxV.jpg;CT247LL_Talent_White_01.jpg;CT247LL_bProduct_White_02_YpA13nW.jpg;CT247LL_bProduct_White_01_kKjHCMO.jpg;CT247LL_bProduct_MidnightNavy_01_kUYo7HM.jpg;CT247LL_bProduct_MidnightNavy_02_rgBfb3Z.jpg,normal
CT247ML,Black;White;Midnight Navy,2XL;3XL;4XL;5XL;M;S;XL;XS;L,medical;beauty;pharmaceutical;early learning;underscrubs;long sleeve tee;tee;long sleeve;cotton;aged care;allied health;nursing;dentistry;careers;veterinary;mens;men;tees;T-Tops,Mens Performance Long Sleeve Tee,"{'sizes': 'XS – 5XL.', 'fabric': ['95% Cotton, 5% Elastane with antibacterial and odour protection.'], 'features': ['The perfect Tee that can be worn as under-scrub or on its own.', 'Made from soft cotton treated with Silverplus® antibacterial protection.', 'Added stretch allows for extra movement and comfort.', 'Designed to sit closer to the body.']}","Sizes: XS  5XL.; Fabric: 95% Cotton, 5% Elastane with antibacterial and odour protection.; Features: The perfect Tee that can be worn as under-scrub or on its own.,Made from soft cotton treated with Silverplus antibacterial protection.,Added stretch allows for extra movement and comfort.,Designed to sit closer to the body.; ",CT247ML_bProduct_Black_01_wtpLADK.jpg,CT247ML_bProduct_Black_01_wtpLADK.jpg;CT247ML_bProduct_Black_02_XOQmabG.jpg;CT247ML_bProduct_White_01_rCCnbmD.jpg;CT247ML_bProduct_White_02_nXwdTf5.jpg;CT247ML_Talent_MidnightNavy_01.jpg;CT247ML_bProduct_MidnightNavy_02_aeGge73.jpg;CT247ML_bProduct_MidnightNavy_01_O5UYJqU.jpg,normal
CU543LS,Caribbean Blue;Black;Midnight Navy,2XL;3XL;4XL;5XL;6XL;L;M;S;XL;XS;XXS,scrubs;scrub tops;Polyester;aged care;allied health;nursing;dentistry;carers;veterinary;female;healthwear;scrub top;Polyester Blend,Womens Pulse V-Neck Scrub Top,"{'sizes': 'XXS - 6XL', 'fabric': '77% Recycled Polyester, 19% Viscose, 4% Elastane; Easy-care, wash and wear performance fabric for the most demanding of environments; Suitable for warmer climates', 'features': ['Classic V-neck; Relaxed fit', 'Bust darts for shape', ' 2 Deep front pockets', 'Side splits to allow ease of movement', 'Utility loop on left shoulder', 'Match with Pulse scrub pants - CL542UL (Unisex) and CL541LL (Womens)']}","Sizes: XXS - 6XL; Fabric: 77% Recycled Polyester, 19% Viscose, 4% Elastane; Easy-care, wash and wear performance fabric for the most demanding of environments; Suitable for warmer climates; Features: Classic V-neck; Relaxed fit,Bust darts for shape, 2 Deep front pockets,Side splits to allow ease of movement,Utility loop on left shoulder,Match with Pulse scrub pants - CL542UL (Unisex) and CL541LL (Womens); ",CU543LS_Talent_CaribbeanBlue_01.jpg,CU543LS_Talent_CaribbeanBlue_01.jpg;CU543LS_Talent_CaribbeanBlue_02.jpg;CU543LS_Talent_CaribbeanBlue_03.jpg;CU543LS_Talent_CaribbeanBlue_04.jpg;CU543LS_Talent_CaribbeanBlue_05.jpg;CU543LS_Talent_CaribbeanBlue_06.jpg;CU543LS_Talent_CaribbeanBlue_07.jpg;CU543LS_Talent_CaribbeanBlue_08.jpg;CU543LS_Product_CaribbeanBlue_01.jpg;CU543LS_Product_CaribbeanBlue_02.jpg;CU543LS_Talent_Black_01.jpg;CU543LS_Talent_Black_02.jpg;CU543LS_Talent_Black_03.jpg;CU543LS_Talent_Black_04.jpg;CU543LS_Talent_Black_05.jpg;CU543LS_Talent_Black_06.jpg;CU543LS_Talent_Black_07.jpg;CU543LS_Talent_Black_08.jpg;CU543LS_Product_Black_01.jpg;CU543LS_Product_Black_02.jpg;CU543LS_Talent_MidnightNavy_01.jpg;CU543LS_Talent_MidnightNavy_02.jpg;CU543LS_Talent_MidnightNavy_03.jpg;CU543LS_Talent_MidnightNavy_04.jpg;CU543LS_Talent_MidnightNavy_05.jpg;CU543LS_Talent_MidnightNavy_06.jpg;CU543LS_Product_MidnightNavy_01.jpg;CU543LS_Product_MidnightNavy_02.jpg,new style
CU544US,Black;Caribbean Blue;Midnight Navy,2XL;3XL;4XL;5XL;6XL;L;M;S;XL;XS;XXS,scrubs;scrub tops;Polyester;aged care;allied health;nursing;dentistry;carers;veterinary;unisex;healthwear;scrub top;Polyester Blend,Unisex Pulse V-Neck Scrub Top,"{'sizes': 'XXS - 6XL', 'fabric': '77% Recycled Polyester, 19% Viscose, 4% Elastane; Easy-care, wash and wear performance fabric for the most demanding of environments; Suitable for warmer climates', 'features': ['Classic V-neck', 'Relaxed fit', 'Chest pocket', '2 Deep front pockets', 'Side splits to allow ease of movement', 'Utility loop on left shoulder', 'Womens scrub top also available - CU543LS']}","Sizes: XXS - 6XL; Fabric: 77% Recycled Polyester, 19% Viscose, 4% Elastane; Easy-care, wash and wear performance fabric for the most demanding of environments; Suitable for warmer climates; Features: Classic V-neck,Relaxed fit,Chest pocket,2 Deep front pockets,Side splits to allow ease of movement,Utility loop on left shoulder,Womens scrub top also available - CU543LS; ",CU544US_Talent_Black_08.jpg,CU544US_Talent_Black_08.jpg;CU544US_Talent_Black_09.jpg;CU544US_Talent_Black_01.jpg;CU544US_Talent_Black_02.jpg;CU544US_Talent_Black_03.jpg;CU544US_Talent_Black_04.jpg;CU544US_Talent_Black_05.jpg;CU544US_Talent_Black_06.jpg;CU544US_Talent_Black_07.jpg;CU544US_Talent_Black_10.jpg;CU544US_Product_Black_01.jpg;CU544US_Product_Black_02.jpg;CU544US_Talent_CaribbeanBlue_01.jpg;CU544US_Talent_CaribbeanBlue_02.jpg;CU544US_Talent_CaribbeanBlue_03.jpg;CU544US_Talent_CaribbeanBlue_04.jpg;CU544US_Talent_CaribbeanBlue_05.jpg;CU544US_Talent_CaribbeanBlue_06.jpg;CU544US_Talent_CaribbeanBlue_07.jpg;CU544US_Product_CaribbeanBlue_01.jpg;CU544US_Product_CaribbeanBlue_02.jpg;CU544US_Talent_MidnightNavy_01.jpg;CU544US_Talent_MidnightNavy_02.jpg;CU544US_Talent_MidnightNavy_03.jpg;CU544US_Talent_MidnightNavy_04.jpg;CU544US_Talent_MidnightNavy_05.jpg;CU544US_Talent_MidnightNavy_06.jpg;CU544US_Talent_MidnightNavy_07.jpg;CU544US_Talent_MidnightNavy_08.jpg;CU544US_Product_MidnightNavy_01.jpg;CU544US_Product_MidnightNavy_02.jpg,new style
